year,release_date,category,genre,title,creator,title_image,introduction,country_category,country_name,video,production,distribution,grade,runtime,remake,cast,staff,series,trilogy,soundtrack,ref_video,read_count,scrape_count
2008,2008.10.23,애니메이션,코미디,치카치카 폼폼이,-,http://data5.onnada.com/anime/201102/thumb300x400_2048931622_57f3ef48_ECA09CEBAAA9+EC9786EC9D8C.JPG,줄거리를 등록하여주세요.,국내,한국,JyeqhJqHQlA,-,-,-,-,-, 폼폼이,-,-,26,-,Sd-dV8i2SiE,0,0
2008,2008.10.12,애니메이션,BL,순정 로맨티카2,감독-콘 치아키,http://data5.onnada.com/anime/201310/thumb300x400_32642209_efbfbe01_1.jpg,"어릴 때 사고로 부모님을 잃고 형 타카하시 타카히로와 단 둘이 살아가던 타카하시 미사키.@ 미사키는 고등학교 3학년 때, 대학 진학 시험의 준비로 형의 친구이자 유명 작가 우사미 아키히코를 소개받는다.@ 곧 미사키는 우사미가 자신의 형과 우사미에 대해 쓴 소설을 발견하고, 또한 우사미가 자신의 형을 남몰래 좋아하고 있다는 것을 알아차려, 그를 탐탁찮게 여기게 된다.@ 하지만 자신의 형의 결혼 발표에 끝내 고백도 못하고 실연당한 우사미와 그의 타카히로를 향한 진실된 마음과 태도를 보며 우사미에 대한 감정이 변화하기 시작한다.@ 미사키의 대학 합격이 결정난 후 타카히로의 전근 소식에 우사미는 미사키에게 같이 살 것을 제안하여 둘은 동거를 시작한다",해외,일본,-,제작사-스튜디오 딘,-,19,-,원작나카무라 ??기쿠, 타카하시 미사키 (TAKAHASHI MISAKI)|高橋美? / 성우 : 사쿠라이 타카히로 (SAKURAI TAKAHIRO)|櫻井孝宏, 각본-나카세 리카 캐릭터 디자인-키쿠치 요코 음악-모카,-,12,-,-,0,0
2008,2008.10.10,애니메이션,"드라마, 코미디",노다메 칸타빌레 파리편,감독-콘 치아키,http://data5.onnada.com/anime/201102/thumb300x400_2048931593_67d07306_6052_ghost0221.jpg,"일본 모모가오카 음대에 다니는 치아키 신이치는 아버지가 피아니스트였던 관계로 유럽에서 클래식을 접하며 어릴때부터 여러가지 악기를 다뤘던 말 그대로 엄친아.@ 그는 유럽으로 유학을 가고 싶지만, 어릴적 비행기/배 사고 때문에 트라우마가 생겨서 유학을 못가는 실정이다.@ 그러던 어느날 술에 취해서 자신의 자취방 앞에 누워있던 그를 옆집의 노다 메구미가 자신의 방으로 옮기면서 이 둘의 이야기가 시작되는데.@.@.",해외,일본,lZm3HGdkpBA,제작사-J.C.Staff,-,12,-,원작니노미야 토모코, 노다메 (노다 메구미) (Nodame (Megumi Noda)) / 성우 : 카와스미 아야코 (KAWASUMI AYAKO)|川澄綾子 (かわすみあやこ)," 각본-에노키도 요우지 캐릭터 디자인-시마무라 히데카즈 음악-노다메 오케스트라, 마츠타니 스구루",-,11,-,-,0,0
2008,2008.10.09,애니메이션,SF,타이타니아,감독-이시구로 노보루,http://data5.onnada.com/anime/201107/thumb300x400_A943_2042247640_fd1d3577_740267775_c097a8a4_ED8380EC9DB4ED8380EB8B88EC9584.jpg,"광대한 우주에 진출한 인류는 많은 성간 국가를 구축했지만, 그 대부분은 실질적으로@타이타니아 일족의 지배하에 있었다. 성력 446 년 우주 도시 국가 에우리야의 권익을@둘러싼 문제에서 타이타니아의 공격을 받지만, 의외로 이를 격퇴하고 만다.@이 전투를 계기로 타이타니아의 패권을 흔쾌히 받아들일 생각이 없는 사람들이 움직이기 시작,@심지어 타이타니아의 내분도 얽혀 은하는 격동의 시대를 맞이하려하고 있었다.",해외,일본,O7kkzN_bEbM,제작사-아트랜드,-,12,-,원작타나카 요시키,-, 각본-카네마키 켄이치 캐릭터 디자인-스기미츠 노보루 음악-타카키 히로시,-,26,-,LPg9zI-uQS0,0,0
2008,2008.10.09,애니메이션,"학원, 공포, 미스테리",카오스 헤드,감독-이시야마 타카아키,http://data5.onnada.com/anime/201310/thumb300x400_32642209_16441a55_1.jpg,"고등학교 2학년인 니시죠 타쿠미는 낙제를 하지 않기 위한 최저 등교 계획표를 만들어 학교에 나가는 것 이외에는 철저히 자신의 아지트에 틀어박혀 지내는 반 히키코모리 소년이다.@ 가능한 한 3차원과는 관련되지 않은 채 2차원-인터넷의 세계에서 살아가고 또 그렇게 살아가기를 원하는 타쿠미였지만, '뉴제네레이션의 광기'를 계기로 자신이 원하지 않던 사건들에 말려들게 되고 마는데.@.@.",해외,일본,5cLA0P7dTw8,제작사-매드하우스,-,15,-,"원작Nitroplus, 5pb", 사키하타 리미|?畑 梨深 (さきはた りみ) / 성우 : 키타무라 에리 (KITAMURA ERI)|喜多村英梨 (きたむらえり), 각본-이노우에 토시키 캐릭터 디자인-시마무라 히데카즈,-,12,-,QZuSMHGj9YY,0,0
2008,2008.10.08,애니메이션,미스테리,망량의 상자,감독-나카무라 료스케,http://data5.onnada.com/anime/201107/thumb300x400_A870_599254014_3a9f8241_33400.jpg,"유즈키 카나코라는 이름의 소녀가 승강장에서 떨어져 기차에 치는 사고를 당한다.@ 무사시노 인근에서는 토막난 팔, 다리들이 차례로 발견되는 연쇄토막살인사건이 발생한다.@ 미타카에서는 '온바코 님'이라 불리는 정체불명의 영능력자가 나타나 교세를 확장한다.@ 일견 아무런 관련이 없을 듯 보이는 사건들이 줄줄이 일어나고 있는 가운데, 이를 해결하기 위해 사건에 접근하는 이들이 있었다.@ 카나코의 친구 쿠스모토 요리코와 카나코의 사고 현장에 있었던 경시청 소속 형사 키바 슈타로.@ 토막살인사건에 관심을 갖고 있는 기자 추젠지 아츠코, 토리구치 모리히코와 소설가 세키구치 타츠미.@ 마지막으로 모두를 한데 묶을 수 있는 접점인 쿄고쿠도의 등장까지.@.@.@ 전혀 다른 방향에서 사건의 중심점을 향해 모여든 이들이 조우하게 되는 경악할만한 진실은!?",해외,일본,8ZxPEWzIJs8,제작사-매드하우스,-,15,-,원작쿄우고쿠 나츠히코,-, 각본-무라이 사다유키 캐릭터 디자인-니시다 아사코 음악-무라이 슈세이,-,13,-,-,0,0
2008,2008.10.08,애니메이션,"드라마, 메카닉, 액션, 코미디",기가 트라이브,-,http://data5.onnada.com/anime/201101/thumb300x400_2048931593_e058cda6_ECA09CEBAAA9+EC9786EC9D8C.JPG,줄거리를 등록하여주세요.,국내,한국,xaqwi57GFoU,-,-,-,-,-, 강투지,-,-,39,-,805my6upNC4,0,0
2008,2008.10.07,애니메이션,액션,쿠로즈카,감독-아라키 테츠로,http://data5.onnada.com/anime/201202/thumb300x400_A940_2000720469_8096837f_naver_com_20120202_183738.jpg,카마쿠라 시대를 배경으로 펼쳐지는 뱀파이어의 이야기,해외,일본,7mBngcLec3E,제작사-매드하우스,-,19,-,"원작노구치 타카시, 유메마쿠라 바쿠",-," 각본-시라토 츠토무, 후지오카 요시노부, 아라키 테츠로 캐릭터 디자인-시노 마사노리 음악-요시다 키요시",-,12,-,E044yEQvHz4,0,0
2008,2008.10.06,애니메이션,"코미디, 학원",오늘의 5-2,감독-나가사와 츠요시,http://data5.onnada.com/anime/201008/thumb300x400_1026054309_587de75e_51erZVJk2B3L.jpg,"초등학교 5학년인 사토 료타와 친구들의 소소한 일상의 이야기를 옴니버스식으로 다루고 있는 작가의 데뷔작이 되는 단편 만화이다.@ 일상 이야기가 주를 이루지만, 때때로 사춘기에 접어들어 가는 아이들의 성에 관한 가벼운 효기심을 재밌게 그려내기도 하여, 웃음을 자아내게 한다 (하지만, 주인공인 료타는 이에 대해 관심이 없다).",해외,일본,jwhYeIJwU50,제작사-Xebec,-,12,-,원작사쿠라바 코하루, 사토 료타 (SATOH RYOUTA)|佐藤リョ?タ / 성우 : 코바야시 유우 (KOBAYASHI YUU)|小林ゆう, 각본-코노 타카미츠 캐릭터 디자인-치카오카 스나오 음악-하네오카 케이,-,13,-,E4dW_Iv0el0,0,0
2008,2008.10.06,애니메이션,드라마,스킵 비트,감독-사야마 키요코,http://data5.onnada.com/anime/201310/thumb300x400_32642209_6e4ffb6d_1.jpg,"자신을 꾸미는 것도 잊은 채 매일매일을 아르바이트로 보내는 소녀 모가미 쿄코.@ 중학교를 졸업하자마자 토쿄로 상경한 쿄코에게는 사실 한 가지 비밀이 있었다.@ 그것은 바로 한창 인기가 급상승 중인 가수 후와 쇼와 어릴 적부터 소꿉친구 사이라는 것.@ 어렸을 때부터 공주님 이야기를 동경하며 자라온 쿄코에게 있어서 쇼는 그야말로 왕자님 그 자체였고, 함께 상경을 한 뒤로도 모든 노력을 다 바쳐서 쇼를 돕고 있는 것이었다.@ 하지만 쇼의 최대 라이벌인 츠루가 렌의 방송 때문에 기분이 나빠진 쇼를 달래주기 위해 자신이 일하던 가게의 햄버거를 가지고 쇼가 있는 방송국으로 향한 쿄코.@ 하지만 그곳에서 쿄코는 자신을 그저 부려먹기 위해서 토쿄로 데려왔다는 쇼의 발언을 듣고 충격에 휩싸인다.@ 배신감에 치를 떠는 쿄코에게 쇼는 불만이 있으면 연예계로 들어와서 성공한 뒤 말하라는 이야기를 듣고서 변신을 결심한다.@ 과감히 머리를 자르고 이미지 변신을 한 쿄코는 쇼에게 복수해 주기 위해서 연예계로 들어갈 계획을 세우는데.@.@.",해외,일본,0odw3wg9SS4,제작사-HAL 필름 메이커,-,12,-,원작나카무라 요시키, 모가미 쿄코 (KYOUKO MOGAMI) / 성우 : 이노우에 마리나 (INOUE MARINA)|井上麻里奈 (いのうえまりな), 각본-세키지마 마요리 캐릭터 디자인-쿠마가이 테츠야 음악-타다 아키후미,-,25,-,59IiosZhxHY,0,0
2008,2008.10.05,애니메이션,스포츠,이나즈마 일레븐,감독-아키야마 카츠히토,http://data5.onnada.com/anime/201104/thumb300x400_2009478945_d761e662_146049_20090316_12_c20090316_inazuma_01_02.jpg,"애니메이션판 제작은 게임 속 애니 파트를 맡았던 OLM이 그대로 맡았고, 08년 가을에 OLM제작의 애니메이션이 일요일 아침에 TV도쿄에서 방송되게 되었다.@ 방송 초기의 시청률은 2프로 남짓.@ 조기종영급의 시청률은 아니지만 역시 성공이라고 볼 수는 없었다.@ 당시 이 다음에 방송하던 프로가 부탁해 마이 멜로디여서, 그냥 그거 보기전에 본다는 느낌으로 보는 시청자가 많았다고 한다.@ 또, 캐릭터 디자인은 새로 했기 때문에 게임 속 애니파트와 작화 차이가 있다.@ 그래도 작화는 양호한편, 소위 말하는 작붕의 여파는 그리 크지 않고, 뱅크신을 다용하지만, 그때그때 음성을 새로 녹음해서 단조로움을 덜었다.@물론 캐릭터 디자인 자체가 잔선이 많은 타입이 아니란점도 기여했다.",해외,일본,-,제작사-OLM,-,12,-,원작Level5, 한다 신이치 (HANDA SHNICHI) / 성우 : 시모노 히로 (SHIMONO HIRO)|下野紘 (しものひろ),-,-,-,-,-,0,0
2008,2008.10.05 01:35 (일),애니메이션,"학원, 판타지, SF, 능력, 액션, 배틀",어떤 마술의 금서목록,감독-니시키오리 히로시,http://data5.onnada.com/anime/202002/thumb300x400_2070905244_4c2e4a08_0.jpg,"여기는 초능력이 일반과학처럼 인지된, 안티 오컬트의 학원도시.@갑자기 하늘에서 수녀복 차림의 소녀가 카미조의 방으로 떨어진다.@소녀는 자신이 오컬트의 세계에서 도망쳤다고 말하는데….",해외,일본,t31rIy28W1A,제작사-J.C.Staff,-,15,-,원작카마치 카즈마, 카미죠 토우마 (KAMIJOU TOUMA)|上??麻 / 성우 : 아베 아츠시 (ABE ATSUSHI)|阿部敦,-,-,-,-,-,0,0
2008,2008.10.05,애니메이션,"메카닉, SF",기동전사 건담 00 -더블오- 세컨드 시즌,감독-미즈시마 세이지,http://data5.onnada.com/anime/201101/thumb300x400_2048931593_c94b5c95_gundam002b2bimg001_jordankill.jpg,-,해외,일본,MQIKPbgBTJ4,-,-,12,-,"원작토미노 요시유키, 야타테 하지메", 세츠나 F. 세이에이 (Setsuna F Seiei) / 성우 : 미야노 마모루 (MIYANO MAMORU)|宮野?守,-,-,-,-,-,0,0
2008,2008.10.03 01:55 (금),애니메이션,"학원, 일상, 로맨스, 치유물, 판타지",클라나드 -애프터 스토리-,감독-이시하라 타츠야,http://data5.onnada.com/anime/202005/thumb300x400_2070905244_7a37eb3c_2.jpg,"오카자키 토모야와 후루카와 나기사는 함께 걸어 간다.@수많은 만남과 이별, 행복과 슬픔을 겪으면서도 걸음을 멈추지 않는 두 사람을 기다리고 있는 것은…",해외,일본,2V37jFKZ930,제작사-쿄토 애니메이션,-,15,-,원작Visual Art`s/Key, 오카자키 토모야 (OKAZAKI TOMOYA)|岡崎朋也 / 성우 : 나카무라 유이치 (NAKAMURA YUICHI)|中村悠一 (なかむらゆういち) 후루카와 나기사 (FURUKAWA NAGISA)," 각본-시모 후미히코 캐릭터 디자인-이케다 카즈미 음악-마에다 쥰, 오리토 신지, 토고시 마고메",-,22,-,lR18KvEaoTo,0,0
2008,2008.10.03,애니메이션,액션,북두의 권 라오우 외전 - 하늘의 패왕,감독-아베 마사시,http://data5.onnada.com/anime/201102/thumb300x400_23402380_d45aeb8d_ECA09CEBAAA9+EC9786EC9D8C.png,줄거리를 등록하여주세요.,해외,일본,-,제작사-Satelight,-,15,-,-, 라오우 (RAOH) / 성우 : 우카지 타카시 (UKAJI TAKASHI)|宇梶剛士, 각본-마루후지 히로타카,-,13,-,TAhC9kkfjBw,0,0
2008,2008.10.02,애니메이션,"액션, SF",캐산 Sins,감독-야마우치 시게야스,http://data5.onnada.com/anime/201707/thumb300x400_831468926_25ab103f_422120.jpg,종말의 세상에서 유일하게 홀로 다시 태어날 수 있는 몸을 지닌 남자의 이야기를 그린다.,해외,일본,m2YoJkfrWsc,제작사-매드하우스,-,15,-,원작타츠노코 프로덕션, 캐산 (CASSHERN)|キャシャ?ン / 성우 : 후루야 토오루 (FURUYA TOORU)|古谷徹 (蒼月昇) 류즈 (LYUZE)|リュ?ズ / 성우 : 미야하라 나미 (MIYAHARA NAMI), 각본-코바야시 야스코 캐릭터 디자인-우마코시 요시히코 음악-와다 카오루,-,24,-,-,0,0
2008,2008.10.02,애니메이션,"학원, 하렘, 뱀파이어, 요괴",로자리오와 뱀파이어 CAPU2,감독-이나가키 타카유키,http://data5.onnada.com/anime/201310/thumb300x400_32642209_41b7530e_1.jpg,줄거리를 등록하여주세요.,해외,일본,Y-F5lAZhuuo,제작사-Gonzo,-,15,-,원작이케다 아키히사, 아오노 츠쿠네 (AONO TSUKUNE)|?野 月音 (あおの つくね) / 성우 : 키시오 다이스케 (KISHIO DAISUKE)|岸尾だいすけ," 각본-야마구치 히로시 캐릭터 디자인-후지타 마리코 음악-하마구치 시로, 타나카 쿄헤이",-,13,-,Fe566fX9SWw,0,0
2008,2008.10.02,애니메이션,"코미디, 학원",?코,감독-후쿠다 미치오,http://data5.onnada.com/anime/201310/thumb300x400_32642209_b0b118af_1.jpg,"사립 카미조노 학원의 드넓은 교내에서 맞닥뜨린 4명의 개성 강한 여고생! 카케야마 토라코, 이이즈카 타츠키, 사오토메 스즈메, 노노무라 아유미.@ 가는 족족 소동을 일으키는 트러블 메이커가 다 모였다! 그녀들의 만남은 우연일까 운명일까.@.@.@?!",해외,일본,PVqpK0LQvFI,제작사-Nippon Animation,-,12,-,원작카토 하루아키, 카게야마 토라코 (KAGEYAMA TORAKO)|上下山虎子 (かげやまとらこ) / 성우 : 오리카사 후미코 (ORIKASA FUMIKO)|折笠富美子," 각본-토미자와 요시히코 캐릭터 디자인-오오타 케이코 음악-타카나시 야스하루, 층쿠, 유아사 코이치, 미즈타니 히로미",-,13,-,Mf-r2nJQr_A,0,0
2008,2008.10.02,애니메이션,코미디,노라미미,감독-코야마 요시타카,http://data5.onnada.com/anime/201202/thumb300x400_A859_2000720469_5e29315c_naver_com_20120205_135344.jpg,줄거리를 등록하여주세요.,해외,일본,dMzrB5rfxro,-,-,12,-,원작하라 카즈오,-, 각본-나카무라 마코토 캐릭터 디자인-마스다 토시히코 음악-나카가와 코우,-,12,-,-,0,0
2008,2008.10.xx,애니메이션,"코미디, 영웅",천체전사 선레드,감독-키시 세이지,http://data5.onnada.com/anime/201404/thumb300x400_3543099331_d48a983e_76472e.png,줄거리를 등록하여주세요.,해외,일본,kE9Pv9rp6Wo,"제작사-AIC ASTA, JVC 엔터테인먼트",-,전체,-,원작쿠보타 마코토,-, 각본-우에즈 마코토 캐릭터 디자인-모리타 카즈아키,-,26,-,nOVkrXnEhk,0,0
2008,2008.10.01,애니메이션,"드라마, 로맨스, 학원, 하렘",노을빛으로 물드는 언덕,감독-모토나가 케이타로,http://data5.onnada.com/anime/201310/thumb300x400_32642209_ec8ae9bd_1.jpg,"사립 아미티에 학원에 다니는 나가세 쥰이치는, 어느날 남자들이 얽힐 수 있고 있는 미소녀를 찾아내 도우려고 남자들의 사이에 나누어 들어간다.@쥰이치를 본 남자들은【제노키라】라는 말 를 남겨, 무서워해 도망쳐 가는 것에서 만났다.@도운 소녀에게 이름을 묻지만, 허세를 부려 삽상과 그 자리를 떠나는 쥰이치….@어젯밤, 도운 소녀에게 이름을 자칭하지 않았던 것을 격렬하게 후회하는 쥰이치이지만, 여름휴가(방학)도 끝나 신학기가 막 시작한 쥰이치의 클래스에 한 명의 전학생이 온다.@전학생을 본 쥰이치는 경악!무려, 어제 쥰이치가 도운 여자 아이“카타기리우희”였던 것이다!극적인 재회와【제노키라 전설】에 새로운 1 페이지를 남긴 우희와 쥰이치.@지금부터 달고 안타까운 관계가….@(이)라고 생각했는데, 대단한 사건이 두 명을 기다린다",해외,일본,IG0qB_4uNNc,제작사-TNK,-,15,-,원작Feng, 나가세 쥰이치|長? 準一 / 성우 : 하타노 와타루 (HATANO WATARU)|羽多野? (はたのわたる)," 각본-우에즈 마코토 캐릭터 디자인-히라야마 마도카, 호리이 쿠미 음악-스에히로 켄이치로",-,12,-,-,0,0
2008,2008.09.29,애니메이션,능력,백작과 요정,감독-소~토메 코이치로,http://data5.onnada.com/anime/201102/thumb300x400_2042246113_6e227197_25BF25E425C125A4.jpg,"리디아는 요정을 볼 수 있고 그들과 얘기도 나눌 수 있는 소녀이다.@ 아버지를 만나러 런던행 배에 올라탄 그녀는 갑자기 나타난 젊은 남자에게 납치되고 만다.@ '에드가'라는 이름의 그는 자신이 백작이라고 말하며 자신의 신분을 밝히기 위한 보검을 찾아달라고 리디아에게 의뢰한다.@ 한편, 항간에서는 무시무시한 강도사건이 나도는데, 범인의 특징이 에드가와 비슷한 것이 아닌가!",해외,일본,-,제작사-아트랜드,-,12,-,원작타니 미즈에, 리디아 칼톤 (LYDIA CARLTON) / 성우 : 미즈키 나나 (MIZUKI NANA)|水樹奈? (みずき なな), 캐릭터 디자인-후지이 마키 음악-고키타 타케히코,-,12,-,LVfHEn9MJ-s,0,0
2008,2008.09.07,애니메이션,액션,배틀 스피리츠 - 소년돌파 바신,감독-혼고 미츠루,http://data5.onnada.com/anime/201301/thumb300x400_1938435654_688ad58f_00000.jpg,주인공 바신는 트레이딩 카드 게임을 좋아하는 초등학교 6 학년.@ 바신이 다니는 초등학교에서도 세계적으로 인기있는 카드 게임 "배틀 스피리츠""가 유행했다.@ 어느 날 바신은 바토스삐 전국 대회 우승 경험이있는 천재 카드 버틀러 J과 거리에서 우연히 조우 배틀을 도전한다.@ 두 사람이 만남이 바신이 가지는 펜던트에 감춰진 이상한 힘을 일깨우는데.@.@.@.@@학교에서 소문난있는 전설의 X 레어 카드 (X 레어 카드)가 실제로 존재하는 것을 알았다.@ @바신은 마찬가지로 휘석을 가진 라이벌들과 그 X 레어 카드를 둘러싸고 치열한 카드 배틀 를 펼쳐 간다.@ 모든 X 레어 카드를 정렬하면 전설의 최강 왕자와의 싸움이 실현한다고한다.@ 전세계를 걸쳐 최강 왕자와의 궁극 배틀을 제압 건 누구냐! ！ !",해외,일본,AskH4O8iW_g,"제작사-Asatsu-DK, 선라이즈, Nagoya TV Housou",-,전체,-,원작야타테 하지메, 바신 (BASHIN)|バシン / 성우 : 타무라 무츠미 (TAMURA MUTSUMI)|田村睦心, 각본-사토 다이 캐릭터 디자인-시모가사 미호 음악-오오타니 코우,-,50,-,649KHyAJbwI,0,0
2008,2008.07.14,애니메이션,"시대, 액션",무한의 주인,감독-마시모 코이치,http://data5.onnada.com/anime/201102/thumb300x400_23728816_736d1cb8_187_poropobi.jpg,"혈선충이란 티벳 밀교의 불로장생 비법에 의해 영생을 얻게된 칼잡이 주인공 만지가, 일도류라는 무사 조직에 의해 부모를 잃은 소녀 린의 의뢰를 받고, 그녀의 원수인 일도류 무사들을 척살하고 그녀를 지켜나가는 것이 주 내용이다.@ 원래는 일도류 조직원들에 대한 만지의 일방적인 복수가 주로 된 내용이었지만 중반부에 일도류의 수장 아노츠의 사연과 아노츠와 린의 소통과 부분적인 화해가 이루어지면서 일도류 존재에 대한 선악의 정의가 모호해졌고 일도류를 제거하려는 막부측 세력이 개입하면서부터는 단순한 복수극을 넘어서 흥미롭고 복잡한 이야기를 자아낸다.@ ",해외,일본,3K3KLKC4TOI,제작사-Bee Train,-,19,-,원작사무라 히로아키, 만지 (MANJI) / 성우 : 세키 토모카즈 (SEKI TOMOKAZU)|?智一, 각본-카와사키 히로유키 캐릭터 디자인-야마시타 요시미츠 음악-오오타니 코우,-,13,-,f4L4lQKZNVA,0,0
2008,2008.07.09,애니메이션,"코미디, 시대, 액션",연희무쌍,감독-나카니시 노부아키,http://data5.onnada.com/anime/201101/thumb300x400_2048931593_8193ebe4_2.JPG,"작중 유비의 역할을 담당하는 혼고 카즈토를 비롯한 작중 남성 캐릭들은 아무도 없다.@ 스토리는 완전 오리지널.@ 손책이 살아 있음에도 단발인 손권이라든지, 분명히 태수 집안일텐데 방랑하는 황충 모녀라든지, 여기에 최후반에 느끼한 남자로 나와서, 아이샤를 낚으려고 했던 유비는 가짜였다.",해외,일본,7ZaFpf6GKe0,제작사-동화 공방,-,19,-,원작BaseSon, 관우|?羽 / 성우 : 쿠로카와 나미 (KUROKAWA NAMI)|?河奈美,-,-,-,-,-,0,0
2008,2008.07.08,애니메이션,능력,월드 디스트럭션,감독-타다 ??스케,http://data5.onnada.com/anime/201211/thumb300x400_2077629024_03bb4463_1.jpg,"그곳은 1000년에 한 번 리셋되는 세계.@ '사해(砂海)'라 불리는 모래의 바다로 둘러싸여 있으며 수인이라 불리는 종족이 인간을 지배하고 있는 세계, 지금 이 세계가 멸망의 기로에 서 있다! 사해에 떠 있는 조그만 항구도시의 식당에서 일하고 있는 청년 키리에는 세상이 어떻게 되든 자신과는 관계없는 일이라 여기며 그저 하루하루의 삶을 충실하게 살아가고 있었다.@ 최근에 세간의 화제로 떠오른 '세계박멸위원회'라는 조직 역시 키리에와는 아무런 관련이 없었다.@ 몰테라는 이름의 소녀를 만나기 전까지는.@ 정체불명의 적들에게 쫓기고 있었던 몰테.@ 그 이유는 그녀가 바로 '세계박멸위원회'의 멤버이기 때문이었다.@ 이 세계를 멸망(리셋)시킬 수 있는 힘을 갖고 있다고 전해지는 비보 '디스트럭트 코드'를 갖고 있는 그녀는 발동 방법을 알아내어 세계를 멸망시키기 위해 여행을 계속하고 있었다.@ 우연한 만남 이후로 행동을 함께 하게 된 키리에와 몰테, 그리고 귀여운 곰인형의 모습을 하고 있는 하드보일드 용병 톳피가 더해지면서 세 사람의 세계박멸을 위한 여행이 시작된다.@ 한편 '세계구제위원회' 소속의 나쟈와 리 아, 아강으로 구성된 3인의 추적자도 끊임없이 키리에 일행에게 손길을 뻗쳐 오는데.@.@.",해외,일본,1dBRGL3UXRk,제작사-프로덕션 I.G,-,15,-,원작Sega, 키리에 이르니스 (KYRIE ILLUNIS)|キリエ?イルニス / 성우 : 미야노 마모루 (MIYANO MAMORU)|宮野?守, 각본-요코타니 마사히로 캐릭터 디자인-마츠모토 케이타 음악-이케 요시히로,-,13,-,o08D8oIiKXU,0,0
2008,2008.07.05,애니메이션,"액션, SF",철완 버디 DECODE,감독-아카네 카즈키,http://data5.onnada.com/anime/201303/thumb300x400_2077629024_943e7c4b_1.jpg,-,해외,일본,r-BV6y8pmTg,제작사-A-1 Pictures,-,15,-,원작유우키 마사미,-, 각본-오오노기 히로시 캐릭터 디자인-료-치모 음악-칸노 유고,-,-,-,2sJT4rI7AAM,0,0
2008,2008.07.04,애니메이션,"드라마, 코미디, 학원",히다마리 스케치 x 365,감독-신보 아키유키,http://data5.onnada.com/anime/201105/thumb300x400_630865963_c7f97a39_ED81ACEAB8B0EBB380ED9895_5Banimepaper.net5Dpicture-standard-anime-hidamari-sketch-dvd-vol1b-74079-louise-preview-9a10f3a0.jpg,-,해외,일본,ckL3l_bldro,제작사-샤프트,-,12,-,원작아오키 우메, 유노 (YUNO)|ゆの / 성우 : 아스미 카나 (ASUMI KANA)|阿澄佳奈," 각본-하세가와 나호코, 요구치 나츠에 캐릭터 디자인-이토 요시아키 음악-키쿠야 토모키",-,13,-,qNU0sx-40kU,0,0
2008,2008.07.04,애니메이션,"메카닉, 액션",스트라이크 위치스,감독-타카무라 카즈히로,http://data5.onnada.com/anime/201101/thumb300x400_2048931593_ddd4c856_25BD25BA7E1.JPG,"1939년, x월 상공에서 갑작스런 검은 물체가 인류를 향해 등장했다.@ 그것을 인류는 네우로이라 칭했고 , 네우로이와의 전쟁이 시작되었다.@ 네우로이의 공격에 속수무책으로 당하던 인류는 신 병기 스트라이크 유닛을 개발한다.@ 그것은 네우로이와의 대응할수있는 최선책이였으며,  마법력을 증대시켜, 그 힘으로 비행을 가능하게 한 새로운 마법 병기였다.@ 그것을 장착하고 싸우기 위한 마법사 '위치' 가 세계 각국으로 부터 모여들었다.@ 대 네우로이를 위해 편성된 부대 연합군 제 501 공군 비행단.@ 스트라이크 위치스라 부른다.",해외,일본,SfWwKwgsizo,제작사-Gonzo,-,15,-,"원작시마다 후미카네, Projekt Kagonish", 미야후지 요시카 (MIYAFUJI YOSHIKA)|宮藤芳佳 / 성우 : 후쿠엔 미사토 (FUKUEN MISATO)|福圓美里 (ふくえんみさと),-,-,-,-,-,0,0
2008,2008.07.04,애니메이션,드라마,서양골동양과자점 -안티크-,감독-오쿠무라 요시아키,http://data5.onnada.com/anime/201303/thumb300x400_2077629024_4745ad42_1.jpg,"-묘한 경위로 젊은 남자들만 일하게 된 앤티크 풍의 케이크 가게 〈앤티크〉를 무대로 느긋한 일상과 인간관계를 그린 작품.@@전혀 케이크를 좋아하지 않고 맛구분도 못하지만 그의 말을 들으면 사지 않을수 없게 만드는 오너겸 서빙맨 타치바나, 고교시절 타치바나에게 차였으나 제과업계 전설의 파티쉐이자 마성의 게이가 되어 나타난 오노, 전직 복서였던 칸다 에이지, 타치바나의 소꼽친구인 코바야카와 치카게가 합세하여 색다른 양과자점 영업을 시작한다.",해외,일본,-,"제작사-시로구미, Nippon Animation",-,15,-,원작요시나가 후미,-, 캐릭터 디자인-우치노 아키오,-,12,-,-,0,0
2008,2008.07.04,애니메이션,"코미디, 학원",노기자카 하루카의 비밀,감독-나와 무네노리,http://data5.onnada.com/anime/201009/thumb300x400_2038530305_e1e5c2b7_0.jpg,"사립 하쿠조 고등학교에 다니는 아야세 유토의 급우인 노기자카 하루카는 용모 단려, 재색 겸비인 규중의 따님이며《순백의 별》·《건반위의 공주님》등 많은 별칭을 갖고 있는 학원의 아이돌이다.@ 하지만 어느 날 유토가 친구 아사쿠라 노부나가 대신에 도서실에 책을 반환 하러 갔을 때에 그녀의 비밀을 알아 버린다.@ 그것을 계기로 유토와 하루카의 '비밀'의 관계가 시작된다.",해외,일본,-,제작사-디오미디어,-,15,-,원작이가라시 유사쿠, 노기자카 하루카 (NOGIZAKA HARUKA) / 성우 : 노토 마미코 (NOTO MAMIKO)|能登麻美子 (のと まみこ), 각본-타마이 츠요시 캐릭터 디자인-이시노 사토시 음악-와타나베 타케시,-,12,-,-,0,0
2008,2008.07.03,애니메이션,"마법, 드라마, 로맨스",마법사에게 소중한 것 -여름의 하늘-,감독-코바야시 오사무,http://data5.onnada.com/anime/201303/thumb300x400_2077629024_f971ba88_1.jpg,줄거리를 등록하여주세요.,해외,일본,ELdb-dhpQYM,제작사-HAL 필름 메이커,-,12,-,원작야마다 노리에,-, 캐릭터 디자인-요시가키 유스케 음악-하케타 타케후미,-,1,-,P4FXGMpWxPA,0,0
2008,2008.07.02,애니메이션,"액션, 능력, 하렘",세키레이,감독-쿠사카와 케이조,http://data5.onnada.com/anime/201310/thumb300x400_32642209_6e5132be_1.jpg,"2020년, 세계 굴지의 거대 기업 M.@B.@I의 사장인 미나카 히로토는 극비 프로젝트를 개시한다.@ 세키레이 계획.@ 이는 108명의 세키레이를 도시 이곳저곳으로 방출하여, 각각의 세키레이들에게 선택받은 아시카비와 더불어 최후의 한 팀이 남을 때까지 전투를 벌이는 것이었다.@ 인간인 듯 보이지만 인간이 아닌 존재 세키레이는 저마다 독자적인 능력을 보유하고 있으며, 아시카비를 만나 각성함으로써 자신의 능력을 만개할 수 있게 된다.@ 최후의 승자가 된 아시카비에게는 세계의 운명을 좌우할 수 있는 권리가, 그의 파트너인 세키레이에게는 좋아하는 사람과 오래도록 행복하게 살 수 있는 자격이 주어진다는 신개념 배틀로얄이 지금 막 시작된 것이다.",해외,일본,RMil7MtAyCA,제작사-Seven Arcs,-,19,-,원작고쿠라쿠인 사쿠라코, 사하시 미나토 (SAHASHI MINATO)|佐橋皆人 / 성우 : 타치바나 신노스케 (TACHIBANA SHINNOSUKE)|立花?之介, 캐릭터 디자인-토모오카 신페이 음악-사노 히로아키,-,12,-,F5st68MS6uk,0,0
2008,2008.07.01,애니메이션,"드라마, SF, 액션",울트라 바이올렛 Code044,감독-데자키 오사무,http://data5.onnada.com/anime/201303/thumb300x400_2077629024_21e0eeb3_1.jpg,-,해외,일본,8hAeGmNpYc0,제작사-매드하우스,-,19,-,-,-, 캐릭터 디자인-스기노 아키오 음악-무라이 슈세이,-,-,-,_XHMomdkdEc,0,0
2008,2008.07.01,애니메이션,"마법, 코미디",슬레이어즈 레볼루션,감독-와타나베 타카시,http://data5.onnada.com/anime/201310/thumb300x400_32642209_84c85193_555555.jpg,줄거리를 등록하여주세요.,해외,일본,gS-LsiRS1-s,제작사-J.C.Staff,-,12,-,"원작칸자카 하지메, 아라이즈미 루이", 리나 인버스|リナ=インバ-ス / 성우 : 하야시바라 메구미 (HAYASHIBARA MEGUMI)|林原めぐみ (はやしばらめぐみ),-,-,-,-,-,0,0
2008,2008.06.21,애니메이션,"드라마, 미스테리",텔레파시 소녀 란,감독-오오조라 세이키,http://data5.onnada.com/anime/201202/thumb300x400_A945_2000720469_dd0c5663_naver_com_20120213_180553.jpg,줄거리를 등록하여주세요.,해외,일본,Tzs6SGfT8DM,제작사-TMS 엔터테인먼트,-,12,-,원작아사노 아츠코, 이소자키 란|磯崎 蘭 / 성우 : 카토 에미리 (KATOU EMIRI)|加藤英美里, 각본-나카무라 마코토 캐릭터 디자인-하치자키 켄지 음악-이케 요시히로,-,26,-,NO4QKzwyono,0,0
2008,2008.05.22,애니메이션,-,알록달록 크레용,-,http://data5.onnada.com/anime/201102/thumb300x400_2048931622_8e44ad2c_1111_hagisire_ariysh.jpg,줄거리를 등록하여주세요.,국내,한국,ns1acaVHR_Q,-,-,-,-,-, 크레용 (CRAYON),-,-,26,-,xpqlDpKo6B4,0,0
2008,2008.04.12,애니메이션,"액션, 범죄",고르고 13,-,http://data5.onnada.com/anime/201107/thumb300x400_A848_2042247640_4aa65f0f_Gorgo13-TVA_Vol01-DVD_Front.jpg,"전설적인 스나이퍼가 극장판으로부터 무려 25년 만에, 30주년 기념 OVA로부터도 무려 10년 만에 TV 시리즈로 부활했다.@ 하드보일드 액션 스타일로서는 근래 다시금 부활한 테라사와 부이치 원작의 '우주해적 코브라'와 함께 몹시도 반가운 소식이 아닐 수 없다.@ 특히, 위 두 작품은 데자키 감독의 손에 의해 극장판 아니메로 제작되었다가 흥행에 실패하는 불운을 겪었던 작품이라는 점에서도 남다른 공통점을 갖고 있다.@ @재미있는 것은 제작진의 구성인데, 연출, 각본, 스토리보드, 작화진에 이르기까지 상당수의 제작진들이 루팡 3세 TV 시리즈 스페셜 등의 제작에 참여했던 인물들로 구성되어 있다는 점이다.@ 하드보일드 액션과 마초적인 주인공이라는 측면에서 공통분모를 갖고 있는 두 작품인지라 이 우연이 왠지 모르게 반가운 부분도 있다.@ @TV 시리즈임에도 불구하고 묘사의 수위는 상당히 높다.@ 성인물에 조금 못미치는 수준까지 묘사가 되는데, BS 재팬에서 심야시간 대에 방영되어 50화가 방영되었다.@ 성인용 액션물로는 이례적으로 긴 연재 분량이기도 했다.",해외,일본,vAjOzpyW_kQ,제작사-The Answer Studio,-,15,-,원작사이토 타카오,-, 캐릭터 디자인-타케우치 카즈요시,-,50,-,sMo0m8UYcSE,0,0
2008,2008.04.11,애니메이션,"코미디, BL",순정 로맨티카,감독-콘 치아키,http://data5.onnada.com/anime/201102/thumb300x400_23834236_bb073a3f_2009-04-24_143B143B35_hrshin1.jpg,대학생 타카하시 미사키와 유명 소설가 우사키 아키히코 커플의 〈순정 로맨티카〉시리즈와 M대 문학부 조교수인 카미죠 히로키와 의대생인 쿠사마 노와키 커플의 〈순정 에고이스트〉시리즈 그리고 M대 문학부 대학 교수인 미야기 요우와 고등학생인 타카츠키 시노부가 주인공인 〈테러리스트〉시리즈 세 시리즈가 서로 주인공은 다르지만 연관성을 이루면저 이야기가 전개된다.,해외,일본,yDrkg7RO2bk,제작사-스튜디오 딘,-,19,-,원작나카무라 ??기쿠, 타카하시 미사키 (TAKAHASHI MISAKI)|高橋美? / 성우 : 사쿠라이 타카히로 (SAKURAI TAKAHIRO)|櫻井孝宏, 각본-나카세 리카 캐릭터 디자인-키쿠치 요코 음악-모카,-,12,-,H7w3TxMPgcg,0,0
2008,2008.04.11,애니메이션,"드라마, 액션",도서관 전쟁,감독-하마나 타카유키,http://data5.onnada.com/anime/201310/thumb300x400_32642209_3644109c_tada_2.jpg,"배경은 공공질서와 미풍양속을 해치고 인권을 침해하는 각종 미디어물에 대한 규제를 위해 마련된 미디어양화법이 제정된지 30년이 지난 일본에서 각종 미디어를 양화법에 근거해 억압하고있는 양화위원회에 대항하여 모든 검열로부터 자유로움을 명시한 도서관법에 근거한 도서관이 도서대라는 방어조직을 구축 저항한다는 내용이다.@ 줄거리는 이러한 상황에서 도서대에 채용되어 방위부에 입부한 카사하라 이쿠를 중심으로 도서대의 다양한 활동과 그 내부의 알력, 연애담등을 그려나가는데에 치중하고 있다.",해외,일본,U1Qjqujrols,제작사-프로덕션 I.G,-,12,-,원작아리카와 히로, 카사하라 이쿠|笠原 郁 (かさはらいく) / 성우 : 이노우에 마리나 (INOUE MARINA)|井上麻里奈 (いのうえまりな), 각본-코누타 켄지 캐릭터 디자인-나카무라 사토루 음악-칸노 유고,-,12,-,E6BzmdtxOF0,0,0
2008,2008.04.09,애니메이션,"액션, SF",크리스탈 블레이즈,감독-카세 미츠코,http://data5.onnada.com/anime/201108/thumb300x400_A941_2040169248_4e023983_3B.jpg,"어른들도 즐길수 있는 애니메이션을 목표로 만들어진 작품으로, 럭스타운이라는 삶에 좌절한 이들이 모여드는곳, 그곳의 S&A 탐정사무소라는 곳이 배경이다.@@감독은 영화 기동 전사 건담 제 08MS 소대 밀러스 리포트(98)와 OVA 판 ""최종 병기 그녀""(2002) 등으로 알려진 카세 미츠코.@ 애니메이션 제작은 ""스트라토스 포"" ""AIKA R - 16""등 수많은 기존 히트작을 낳아 온 ""스튜디오 판타지아""가 담당하였다.""""",해외,일본,-,제작사-스튜디오 판타지아,-,15,-,원작스튜디오 판타지아, 슈 (SHU) / 성우 : 미키 신이치로 (MIKI SHINICHIROU)|三木眞一," 각본-토미오카 아츠히로, 츠키노 마사시 캐릭터 디자인-카가와 히사시",-,12,-,hsFnid3usLk,0,0
2008,2008.04.09,애니메이션,미스테리,비밀,감독-아오야마 히로시,http://data5.onnada.com/anime/201303/thumb300x400_2077629024_d6817ab1_1.jpg,-,해외,일본,71ZPJmIQfKM,제작사-매드하우스,-,15,-,원작시미즈 레이코, 아마치 나나코 (NANAKO AMACHI)|天地奈?子 / 성우 : 노나카 아이 (NONAKA AI)|野中藍 (のなかあい), 각본-스즈키 사토시 캐릭터 디자인-오오시타 큐마 음악-히라노 요시히사,-,26,-,0UnZr9imnUo,0,0
2008,2008.04.09,애니메이션,SF,RD 잠뇌조사실,감독-후루하시 카즈히로,http://data5.onnada.com/anime/201101/thumb300x400_2048931593_d0c8b4d5_1_choi2j3h4.jpg,2012년 프리다이버인 하루 마사미치는 '바다가 불타는' 현상에 조우해 49년간이나 혼수 상태에 빠졌다.@ 2061년 긴 잠으로부터 각성 한 하루는 81세의 노인이 되어 휠체어 생활을 할 수 밖에 없었다.@ 그러한 가운데 하루는 아오이 미나모라는 소녀의 도움과 옛 친구인 쿠시마 에이이치로에 의해서 메타 리얼 네트워크(메탈)의 정보를 조사하는 조사원에 임명된다.,해외,일본,wrWSR1cdZxM,제작사-프로덕션 I.G,-,15,-,"원작시로우 마사무네, 프로덕션 I.G", 하루 마사미치 (Masamichi Haru) / 성우 : 모리 카츠지 (MORI KATSUSI)|森功至,-,-,-,-,-,0,0
2008,2008.04.08,애니메이션,드라마,우리집 3자매,-,http://data5.onnada.com/anime/201104/thumb300x400_2009478945_5db21102_ECA09CEBAAA9+EC9786EC9D8C.png,"마츠모토 브릿츠 원작, 일본의 토에이와 국내의 스튜디오 애니멀이 공동으로 제작한 한일합작 애니메이션.@ 드물게 엔딩 크레딧의 한국인 스탭명이 모두 한자로 나온다.@ 한 주부가 자신의 아이를 키우는 일화를 만화로 그려 블로그에 올리다 입소문이 퍼져 알려지게 되었고 결국 애니화되었다.@ 잘 나와봤자 시청률 1% 정도밖에 나오지 않는 시간대에 방영했으나 2.@5%라는 의외의 성적을 내고, 결국 26부작에서 100부작으로 확대 제작되었다.",해외,일본,Z5Coe5sND70,제작사-토에이 애니메이션,-,전체,-,원작마츠모토 프릿츠, 후우|フ― / 성우 : 오오타니 이쿠에 (OHTANI IKUE)|大谷育江,-,-,-,-,-,0,0
2008,2008.04.08,애니메이션,"액션, 학원, 미스테리, 능력, 퇴마, 뱀파이어",뱀파이어 기사,감독-사야마 키요코,http://data5.onnada.com/anime/201107/thumb300x400_A882_599254014_b10559ae_52983.jpg,"전원 기숙사제인 명문 사립학교 크로스 학원은 데이 클래스와 나이트 클래스로 나뉜다.@ 데이 클래스는 보통의 아이들이 다니지만, 나이트 클래스는 뱀파이어들이 다닌다는 것이 특징이다.@ 주인공인 크로스 유우키와 키리유 제로는 이 학교의 규율위원.@ 나이트 클래스가 뱀파이어들이 다닌다는 것을 숨기기위한 요원이다.@ 크로스 유우키는 나이트 클래스의 위원장인 쿠란 카나메에게 10년전에 뱀파이어로부터 도움을 받은 적이 있어 카나메를 동경한다.@ 또 유우키와 제로는 나이트 클래스의 남학생들에게 데이 클래스의 여학생들이 몰려다니는 것을 막느라 쉴 틈이 없다.@ 하지만 학교에는 서서히 학교의 평화를 깨뜨리려는 불운의 그림자가 나타나기 시작하는데.@.@.",해외,일본,nUTYpV-HDZw,제작사-스튜디오 딘,-,12,-,원작히노 마츠리, 쿠로스 유우키 (CROSS YUKI)|?主 優? / 성우 : 호리에 유이 (HORIE YUI)|堀江由衣 (ほりえゆい), 각본-오카다 마리 캐릭터 디자인-니시다 아사코 음악-하케타 타케후미,-,13,-,3GGcXPzXLZ8,0,0
2008,2008.04.08,애니메이션,액션,모노크롬 팩터,감독-코우 유우,http://data5.onnada.com/anime/201210/thumb300x400_2077629024_dfe05394_1.png,줄거리를 등록하여주세요.,해외,일본,-,제작사-ACGT,-,15,-,원작소라노 카이리, 니카이도 아키라 (NIKAIDOU AKIRA)|二海堂 昶 (にかいどう あきら) / 성우 : 오노 다이스케 (ONO DAISUKE)|小野大輔 (おのだいすけ)," 각본-카와하라 유지 캐릭터 디자인-스가 시게유키 음악-아보 타케시, 무라카미 쥰",-,24,-,-,0,0
2008,2008.04.07,애니메이션,능력,소울 이터,감독-이가라시 타쿠야,http://data5.onnada.com/anime/201310/thumb300x400_2077629048_7cc0ba47_1.JPG,"800년 전, 세상을 광기로 뒤덮고 사람들을 혼돈과 공포에 빠뜨린 귀신.@ 그 귀신의 부활을 막기 위해 사신은 장인과 무기들의 학교를 만들었다.@ 그것이 바로 사신무기전문학교 즉, 사무전이다.@ 사무전에서는 장인과 무기들을 교육하고 육성하는데, 장인이 무기를 이용하여 귀신의 알이 된 영혼을 회수하도록 한다.@ 무기가 귀신의 알이 된 영혼 99개와 마녀의 영혼 1개를 손에 넣으면 사신의 무기, 데스사이즈가 될 수 있다.@ 주인공 마카 알반과 낫인 파트너 소울 이터는 블랙스타(파트너 : 츠바키), 사신의 아들 데스 더 키드(파트너 : 톰슨 자매)와 함께 사무전에 다니며 영혼을 열심히 모으게 된다.",해외,일본,qoGvNse_TCo,제작사-본즈,-,12,-,원작오오쿠보 아츠시, 마카 알반 (MAKA ALBAN) / 성우 : 오미가와 치아키 (OMIGAWA CHIAKI)|小見川千明, 각본-야마토야 아카츠키 캐릭터 디자인-이토 요시유키 음악-이와사키 타쿠,-,51,-,5Tm4jIn4xNE,0,0
