year,release_date,category,genre,title,creator,title_image,introduction,country_category,country_name,video,production,distribution,grade,runtime,remake,cast,staff,awards,series,soundtrack,amount,ref_video,read_count,scrape_count
1998,-,영화,-,007 네버 다이,로저 스포티스우드,https://movie-phinf.pstatic.net/20111222_95/1324521365846revib_JPEG/movie_image.jpg,"세계적으로 공산주의체제가 붕괴되면서 극단적인 냉전상태가 끝나 과거와 같이 뚜렷한 적이 사라진 지금, 이번에는 이념 문제가 아닌 히틀러와 같이 망령을 가진 엘리엇 카버(Elliot Carver: 조나단 프라이스 분)가 등장한다. '카버 미디어'라는 세계적 대중 매체의 거부인 그는 인공위성과 통신망, 그리고 신문과 TV를 교묘히 이용하여 3차 세계 대전을 일으킴으로써 주요 강대국을 무력화시키고 세계를 정복하려는 야망을 꿈꾸고 있다.@  그 1차 실행목표는 중국과 영국의 전쟁. 그는 인공위성의 조작을 통해 공해상에 있는 영국 구축함의 레이다망을 교란시켜 중국 영해내로 유도하고, 중국의 전투기를 출동하게 만든다. 그리고 그곳에 미리 준비시킨 자신의 잠수함을 이용, 영국의 구축함과 중국의 전투기를 격추시켜 양국간의 관계를 초긴장상태로 몰아간다. 카버는 즉시 전쟁 분위기 조성과 그의 매체에 대한 신뢰성을 제고하기 위하여 아무도 확실히 알지 못하는 사건을 그 누구보다 먼저 특종을 전세계에 내보낸다.@  영국 첩보부는 자신보다도 빠른 카버 미디어의 정보망에 놀라며, 내막을 조사하기 위하여 본드(James Bond: 피어스 브로스난 분)를 투입한다. 본드는 카버미디어를 조사하다가 카버의 부인(Paris Carver: 테리 해처 분)이 자신의 옛 애인이라는 것을 알고 정보를 얻기 위해 접근하나 그녀는 남편에 의해 살해당한다. 또 하나의 세계대전을 야기시키려는 카버의 야욕은 계속되고, 이를 저지하기 위한 본드의 활약이 시작되고, 중국측의 미녀 첩보원인 웨이 린(Wai Lin: 양자경 분)이 제임스 본드와 합세한다.",해외,"영국 , 미국",PSpgQfVbMXA,-,-,PG-13,119분,-,주디 덴치 조 돈 베이커 테리 해처 양자경 조나단 프라이스 피어스 브로스넌 ,  브루스 페어스타인 Bruce Feirstein (각본) 바바라 브로콜리 Barbara Broccoli (제작) 마이클 G. 윌슨 Michael G. Wilson (제작) 안소니 웨이 Anthony Waye (라인프로듀서) 로버트 엘스윗 Robert Elswit (촬영) 데이비드 아놀드 David Arnold (음악) 알랜 캐머런 Allan Cameron (미술) 크리스 코보울드 Chris Corbould (특수효과) 린디 헤밍 Lindy Hemming (의상) 도미니크 포르탱 Dominique Fortin (편집) 미셀 아르캉드 Michel Arcand (편집) 데비 맥윌리엄스 Debbie McWilliams (배역),배우/제작진 수상 이력@수상정보 테이블표@1998@제 23회 새턴 어워즈@수상@최우수 남우주연상 (피어스 브로스넌)@제 55회 골든 글로브 시상식@후보@주제가상 (쉐릴 크로우)@제 7회 MTV 영화 & TV 어워즈@후보@최고의 싸움상 (양자경 vs 나쁜 놈들)@후보@최고의 액션장면,-,-,-,eZkTTRvWKNg,0,0
1998,1998 .07.07 개봉,영화,-,GTO,소리마치 다카시  마츠시마 나나코  나카오 아키라,https://ssl.pstatic.net/static/movie/2012/06/dft_img77x110_1.png,-,해외,일본,dSaYvfR_UFQ,-,-,-,-,-,시라카와 유미 콘도 요시마사 기타무라 소이치로 코바야시 마사히로 키라리 마부치 에리카 쿠로다 미키 도쿠야마 히데노리 야마자키 유타 이케우치 히로유키 나카무라 아이미 쿠보즈카 요스케 나카오 아키라 마츠시마 나나코 소리마치 타카시 ,-,배우/제작진 수상 이력@수상정보 테이블표@2009@제 62회 로카르노 영화제@후보@만화의 영향- 일본 애니메이션 (Naoyasu Hanyu 외명),-,-,-,W46PwfHLj9M,0,0
1998,1998 .03.07,영화,"범죄, 미스터리, 스릴러, 드라마",LA 컨피덴셜,커티스 핸슨,https://movie-phinf.pstatic.net/20111222_176/1324565811957Izzjk_JPEG,"1953년 LA 최대의 범죄 조직인 미키 코헨에 대한 경찰의 대규모 제거작업이 시작된다. 그리고 뒤를 이어 발생한 도심의 한 카페에서 일어난 살인 사건. 희생자 중엔 퇴직 형사 스탠스(그래이험 베켈 분)이 끼어있다. 경찰은 이 사건을 단순 강도사건으로 보고 일단 3명의 흑인 용의자를 추적, 범인을 잡는데 성공한다. 사건 해결에 공헌한 신참형사 에드(Ed Exley: 가이 피어스)는 포상까지 받는다. 그러나, 스탠스의 파트너였던 버드(Bud White: 러셀 크로우 분)는 카페 살인 사건이 예사롭지 않음을 감지하고 단독 수사에 들어간다.",해외,미국,4wnG8lfQKvI,-,-,청소년 관람불가,136분,-,-,-,-,-,-,-,-,0,0
1998,1998 .08.01,영화,"판타지, 스릴러, SF, 미스터리",X 파일 - 미래와의 전쟁,롭 보우먼,https://movie-phinf.pstatic.net/20111223_219/1324607727827uFuz3_JPEG,"달라스의 한 빌딩에서 이상한 폭발 사고가 발생한다. FBI의 특수 요원 멀더(데이빗 듀코브니 분)와 스컬리(질리안 앤더슨 분)는 폭발 사고를 조사하던 중 이해 할 수 없는 여러 의문점과 함께 알 수 없는 어떤 거대한 세력이 폭발 사고에 연류되어 있다는 사실을 감지하게 된다. 한편 텍사스 평원에서 한 아이가 땅속 구덩이 속으로 떨어지는 사고가 발생하는데 사고 후 아이의 생사와 존재에 대해서는 일체 알려지지 않았고, 사고 지점은 외부 세력으로부터 일반인에게서 격리된 채 무언가 알 수 없는 연구가 진행된다.",해외,미국,-,-,-,15세 관람가,121분,-,-,-,-,-,-,-,-,0,0
1998,1998 .01.01,영화,-,가베,모흐센 마흐말바프,https://movie-phinf.pstatic.net/20111212_185/1323672027961EMtsJ_JPEG,"양탄자 가베를 냇물에 씻고 있는 노부부(Old Man: Hossein Moharami 분 / Old Woman: Rogheih Moharami 분), 그 가베에는 말 위에 앉아있는 남녀가 수놓아져 있고 그림을 향해 말을 걸자 물속에 잠진 가베 위로 젊은 여자가 나타나 가베에 얽힌 자신의 가족과 사랑 이야기를 들려준다. 철에 따라 거처를 옮겨 다니는 유목민의 딸인 가베(Gabbeh: Shaghayeh Djodat 분)는 양탄자를 뜻하는 '가베'와 이름이 같다. 그녀는 자신의 뒤를 그림자처럼 쫓으며 늑대 울음 소리로 구애하는 기사와 사랑에 빠진다. 그러나 가베의 아버지는 그녀의 삼촌이 결혼할 때까지 결혼을 허락할 수 없다고 하자 가베의 양탄자는 점점 어두운 빛으로. 한편, 시인이자 교사인 가베의 삼촌 사야히(Uncle: Abbas Sayah 분)는 식구들과 살기위해 도시 생활을 마감하고 고향으로 돌아와 아이들에게 양탄자 가베를 이루는 빛깔의 의미를 가르쳐주며 살아간다. 그러던 어느날 그는 시냇가에서 카나리아처럼 노래부르는 반려자를 만나 결혼하나 가베의 아버지는 그녀에게 그녀의 어머니가 아이를 낳을 때까지 기다리라며 또한번 결혼을 허락하지 않는다. 결국 가베는 삼촌의 묵인 아래 말을 타고 온 그 기사를 따라 가족으로부터 도망치게 되고 가베의 아버지는 총을 들고 쫓아가서 그들을 쏜다. 노부부가 양탄자 가베를 씻는 장면이 다시 보이고 할머니가 된 가베는 그때 아버지는 도망치는 자신들을 죽이지 않았다고 말한다. 그저 소문일 뿐, 여동생들이 자기처럼 더 이상 늑대의 부름에 대답하지 못하도록 엄포를 놓은 것이라고.",해외,이란 / 프랑스,-,-,-,NR,75분,-,-,-,-,-,-,-,-,0,0
1998,1998 .11.28,영화,드라마,가족 시네마,박철수,https://movie-phinf.pstatic.net/20111222_189/1324550630209TJ2iS_JPEG,"19년간이나 흩어져 살았던 가족들이 가족 영화에 배우로 출연하기 위해 다시 만난다. 이벤트 회사 직원인 장녀 모토미(유애리 분)는 그 영화 촬영이 자신의 가족사를 그대로 옮긴 것이며, 자신의 생일 파티가 촬영의 시작이라는 것은 짐작하지도 못했다. 자폐증적인 증세를 보이는 남동생 가즈키(나까지마 시노부 분)를 제외한 가족들이 열성적으로 촬영에 참여하려 하지만 모토미 자신에게는 이 촬영이 이미 흩어진 가족들의 어색한 모임으로 거추장스러울 따름이다.",국내,한국,-,-,-,청소년 관람불가,114분,-,-,-,-,-,-,-,-,0,0
1998,1998 .05.02,영화,"SF, 드라마, 스릴러",가타카,앤드류 니콜,https://movie-phinf.pstatic.net/20111222_69/1324541836762R8tql_JPEG,"인간을 지배하는 블루빛 테크놀로지의 세계- 가타카에 오신걸 환영합니다. | SF와 스릴러의 완벽한 유전자 조합이 시작된다. | 그는 정열적이고, 풍부한 감성의 소유자이며, 자신의 꿈에 대한 확실한 믿음도 있다. 그러나 21세기에 그는 단지 쓰레기일 뿐이다!",해외,한국,-,-,-,15세 관람가,106분,-,-,-,-,-,-,-,-,0,0
1998,1998 .09.05,영화,드라마,간과 감자,송일곤,https://ssl.pstatic.net/static/movie/2012/06/dft_img77x110_1.png,"전쟁으로 피폐해진 동유럽의 한 나라. 반군 아벨은 동료들과 함께 벌판에서 총살당한다. 카인은 아벨의 숨이 멈추지 않았음을 발견하고, 반군의 아지트로 옮겨와 수술을 받게 한다. 의사는 회생이 어려우니, 차라리 죽기 전에 간을 다른 환자에게 이식해주고, 대신 감자를 얻기를 권유한다. 동생의 간을 넘겨준 대가로 가족들을 배불리 먹이는 카인 앞에 아벨의 영혼이 나타난다.",국내,한국,-,-,-,-,22분,-,-,-,-,-,-,-,-,0,0
1998,1998 .11.07,영화,"애니메이션, 가족, 드라마, 코미디, 판타지",개미,에릭 다넬,https://movie-phinf.pstatic.net/20111221_87/1324449167802J2VPy_JPEG,센트럴 파크에 사는 일개미 Z-4195(Z-4195: 우디 알렌 목소리 분)는 평생 땅 파고 흙이나 옮기며 살기보다는 개성을 인정받고 싶어하는 개미사회의 이단아. 전투 개미인 친구 위버(Weaver: 실베스타 스탤론 목소리 분)를 만나 언제까지 이렇게 살아야하냐며 신세 타령을 늘어놓다가 술집에 몰래 놀러온 발라 공주(Bala: 샤론 스톤 목소리 분)를 만나 첫 눈에 반한다. 그러나 상대는 왕실의 통치권을 물려받을 공주인데다 전투개미 사령관 맨디블 장군(General Mandible: 진 핵크만 목소리 분)과 약혼한 사이다.,해외,미국,-,-,-,전체 관람가,82분,-,-,-,-,-,-,-,-,0,0
1998,1998 .02.02,영화,드라마,결혼 7년,엄기백,https://ssl.pstatic.net/static/movie/2012/06/dft_img77x110_1.png,결혼 7년차 부부의 권태기 속에서 서로의 사랑을 확인하는 이야기,국내,한국,-,-,-,-,-,-,-,-,-,-,-,-,-,0,0
1998,1998 .04.18,영화,액션,고수,김춘식,https://movie-phinf.pstatic.net/20111223_171/1324619206563tIEs2_JPEG,"1930년대 일제하. 친일파인 유기봉은 자신의 입지를 넓히고자 외동딸 승희를 일본의 실력자 노무라의 아들에게 시집 보내려 한다. 이에 승희는 연인 형철과의 사랑을 위해 아무도 없는 외딴섬으로 도주를 시도한다. 하지만 아버지가 보낸 부하들에게 계속 쫓기게 되는데, 어느 부둣가에서 잠을 자고 있는 거지 소동에게 돈을 주며 자신들을 도와달라고 부탁한다. 소동, 승희, 형철은 식당에서 마주친 승희 아버지 부하들과의 격투 중 자신들을 도와주는 달구를 만난다. 결국, 네 사람은 함께 도주하지만 소동은 마음의 짐이 되어 승희와 형철을 달구에게 떠넘기고 몰래 빠져 나오다가 마을에 붙은 승희와 형철을 찾는 현상 포스터를 보고는 돈의 유혹을 이기지 못하고 승희와 형철에게 다시 접근하는데...",국내,한국,-,-,-,청소년 관람불가,93분,-,-,-,-,-,-,-,-,0,0
1998,1998 개봉,영화,애니메이션,구슬 동자,-,https://ssl.pstatic.net/static/movie/2012/06/dft_img77x110_1.png,-,해외,일본,-,-,-,-,-,-,-,-,-,-,-,-,-,0,0
1998,1998 .03.14,영화,드라마,그리고 삶은 계속된다,압바스 키아로스타미,https://movie-phinf.pstatic.net/20111221_85/1324474469425FVH7o_JPEG,-,해외,이란,-,백두대간,백두대간,NR,95분,-,-,-,-,-,-,-,-,0,0
1998,1998 .09.26,영화,"코미디, 멜로 / 로맨스",금지옥엽2,진가신,https://movie-phinf.pstatic.net/20111216_77/1324027871166zmMps_JPEG,주인공의 직업이 작곡자인 관계로 영화에 음악 비중이 크다.,해외,홍콩,-,-,-,NR,-,-,-,-,-,-,-,-,-,0,0
1998,1998 .08.22,영화,코미디,기막힌 사내들,장진,https://movie-phinf.pstatic.net/20111222_47/13245422976852faaq_JPEG,"감방 안에서의 퇴소식을 마치고 출소한 덕배(최종원 분)는 오랜 단짝인 식당 주인, 달수(양택조 분)를 찾아 간다. 두 사람은 단 한번도 성공해본 적이 없는 별만 무진장 많은 삼류 도둑들이다. 지금, 도시는 연쇄 살인 사건으로 떠들썩하다. 국어 사전을 늘 상 옆에 끼고 살며 스스로를 베테랑이라 인정하는 베테랑 형사(이경영 분)와 소위 한가닥한다는 형사들이 모여 수사 팀을 구성하고 사건 해결에 나서지만 범인의 흔적조차 찾지 못하고 사건은 점점 미궁 속으로 빠져든다.",국내,한국,-,-,-,15세 관람가,108분,-,-,-,-,-,-,-,-,0,0
1998,1998 .11.21,영화,드라마,까,정지영,https://movie-phinf.pstatic.net/20111222_202/1324556798002F1yjT_JPEG,은숙(조은숙 분)은 용우(박용우 분)와 다투고 자신도 모르게 빠져든 유부남 유석(김병세 분)과 하룻밤을 보낸다. 그러나 아침에 그녀를 반기고 있는 것은 달랑 수표 1장. 갑자기 비참해지는 은숙. 유석은 수표 1장 위에 자신의 명함을 놓아두고 다음에 또 연락이 올것이라 기대하지만. 사무실에서 그를 기다리고 있는 것은 그가 차버린 애인 유리(김보경 분). 유리는 유석에게 버림받은 이 시대의 사오정. 나레이터 모델로 심한 다이어트 휴우증에 시달리는 바보스럽도록 천진한 소녀. 너무도 인간적인 도둑 모자(독고영재 분)에게 몇 시간도 안돼 푹 빠지고 마는데.,국내,한국,-,정지영필름,시네마서비스,청소년 관람불가,102분,-,-,-,-,-,-,-,-,0,0
1998,-,영화,"코미디, 가족",나홀로 집에3,라자 고스넬,https://movie-phinf.pstatic.net/20111221_48/1324478272356eJa3W_JPEG,미 국방부는 일급 기밀 컴퓨터 칩을 도난당한다. 전문적이고 무자비한 절도 행위를 자행해온 국제 범죄 조직이 블랙 마켓에서 이 컴퓨터 칩을 대가로 수백만 달러를 요구하고 있다. 이 무자비한 범죄조직의 악당들은 무선 조정 자동차에 숨겨서 공항을 빠져 나오던 중 가방이 할머니 것과 바뀌는 사건이 발생한다.,해외,미국,-,-,-,전체 관람가,102분,-,-,-,-,-,-,-,-,0,0
1998,1998 .10.03 개봉,영화,"액션, 코미디, 스릴러",러시 아워,브렛 레트너,https://movie-phinf.pstatic.net/20111222_192/1324498126678rPuzw_JPEG,"LA 한복판에서 홍콩 고위 관리인 안(Consul Han: 취 마 분)의 딸이 납치된다. 수사에 나선 FBI는 납치사건을 조속히 해결하기 위해 대대적인 수사에 나서지만 납치범에 관한 어떠한 단서도 발견하지 못한다. 안은 FBI에게 그의 오랜 친구이자 홍콩 경찰청 최고의 형사 리(Detective Inspector Lee: 성룡 분)를 사건에 투입할 것을 강력히 제안한다. 마지못해 FBI는 안의 제안을 수락하지만 홍콩 출신의 강력반 형사 리가 사건 해결에 별 도움이 되지 않을 것으로 판단, LA 경찰청의 사고뭉치 형사 카터(Detective James Carter: 크리스 터커 분)를 그의 파트너로 선정한다. 하지만 리와 카터는 사건 해결은 커녕 서로 판이한 성격탓에 첫 만남부터 사사건건 충돌한다.@  그러던 어느날, 안과 FBI는 납치범으로 추측되는 한 단체로부터 괴전화를 받는다. 전화 추적 장치로 납치범의 위치를 파악한 FBI는 대대적인 테러진압반을 출동시키지만 납치범들은 이미 사라지고 출동대원들은 모두 사건현장에서 폭발사 당한다. 같은 시간, 리는 먼 발치에서 폭파 현장을 황급히 벗어나는 낯선 남자를 발견, 직감적으로 그가 이번 사건과 연계되었다고 판단하고 추적하지만 끝내 놓치고 만다. 더 이상 FBI를 믿을 수 없다고 판단한 리와 카터. 둘은 직접 납치범들을 찾아 나서 결국 납치범의 정체는 수년전, 리가 놓친 홍콩 최대 규모의 마약 조직 보스 준타오(JunTao: 데이비드 워너 분)였다는 것을 알게 된다. 리와 카터는 수소문 끝에 준타오의 아지트를 발견, 현장에 침입하지만 카터의 경솔한 공격으로 오히려 둘은 위기에 처한다.",해외,미국,FSahxMK7AL8,-,-,15세 관람가,95분,-,엘리자베스 페나 크리스 펜 티지 마 마크 롤스톤 필립 베이커 홀 톰 윌킨슨 크리스 터커 성룡 ,  짐 커프 Jim Kouf (각본) 로스 라마나 Ross LaManna (각본) 로스 라마나 Ross LaManna (원안) 로저 번바엄 Roger Birnbaum (제작) 아서 M. 사키시언 Arthur M. Sarkissian (제작) 조나단 글릭먼 Jonathan Glickman (제작) 아트 쉐퍼 Art Schaefer (공동제작) 제이 스턴 Jay Stern (기획) 아담 그린버그 Adam Greenberg (촬영) 랄로 쉬프린 Lalo Schifrin (음악) 게리 존스 Gary Jones (음악) 롭 윌슨 킹 Robb Wilson King (미술) 샤렌 데이비스 Sharen Davis (의상) 마크 헬프리치 Mark Helfrich (편집) 매튜 베리 Matthew Barry (배역),배우/제작진 수상 이력@수상정보 테이블표@1999@제 8회 MTV 영화 & TV 어워즈@후보@최고의 싸움상 (성룡)@후보@최고의 음악상 (제이-지: 'Can I Get A...')@후보@최고의 코믹연기상 (크리스 터커)@수상@최고의 콤비상 (성룡),-,-,-,FHfwRl2YnWc,0,0
1998,1998 .10.03 개봉,영화,"액션, 모험, 멜로/로맨스, 서부",마스크 오브 조로,마틴 캠벨,https://movie-phinf.pstatic.net/20111216_215/1324028004472wK9fs_JPEG,"{1821년, 3백년에 걸친 스페인의 멕시코 지배가 끝나갈 무렵, 산타 아나가 이끄는 반군이 북부, 캘리포니아에 진입하자 농민은 스페인 총독, 돈 라파엘 몬테로의 처형을 요구했다. 하지만 몬테로는 스페인에 돌아오란 명령을 거역하고 마지막으로 한번 더 자신의 힘을 과시했다.}@  전설적인 주인공 '조로' 돈 디에고 드 라 베가(Zorro / Don Diego De La Vega: 안소니 홉킨스 분)는 폭군 라파엘 몬테로에게 가족과 모든 것을 빼앗기고 감옥에 갇힌다. 이제 긴 폭정을 막을 그의 후계자를 찾아야 했고, 바로 이때 한때는 강도였던 알렉산드로 뮤리에다(Alejandro Murrieta / Zorro: 안토니오 반데라스 분)를 찾아낸다. 마스크, 검, 채찍으로 무장하고 칠흑 빛 종마 토네이도를 탄 새로운 조로. 몬테로가 캘리포니아를 사려는 계략을 막고, 20년간의 부정을 바로잡아 독재자의 노예로 살아온 멕시코인들에게 정의를 돌려주기위해 검을 뽑아든다.",해외,미국,qijvxEaoWzE,-,-,15세 관람가,136분,-,루이사 휴어타스 줄리에타 로즌 L.Q. 존스 빅터 리버스 조시 페레즈 윌리엄 마르케스 페드로 아멘다리즈 주니어 토니 아멘돌라 맷 레처 스튜어트 윌슨 캐서린 제타 존스 안소니 홉킨스 안토니오 반데라스 ,  존스턴 매컬리 Johnston McCulley (각본) 테리 로지오 Terry Rossio (각본) 존 에스코브 John Eskow (각본) 테드 엘리엇 Ted Elliott (각본) 테드 엘리엇 Ted Elliott (원안) 랜들 잔슨 Randall Jahnson (원안) 더그 클레이번 Doug Claybourne (제작) 데이빗 포스터 David Foster (제작) 존 게르츠 John Gertz (공동제작) 타바 R. 맬로이 Tava R. Maloy (협력프로듀서) 로리 맥도널드 Laurie MacDonald (기획) 월터 F. 파키스 Walter F. Parkes (기획) 스티븐 스필버그 Steven Spielberg (기획) 필 메히어스 Phil Meheux (촬영) 다니엘 알마다 Daniel Almada (조감독) 호르헤 L. 바론 Jorge L. Baron (조감독) 에프렌 델 모랄 Efren del Moral (조감독) 미구엘 리마 Miguel Lima (조감독) 시트라 F. 모이타바이 Chitra F. Mojtabai (조감독) 조지 패라 George Parra (조감독) 글렌 랜들 주니어 Glenn Randall Jr. (조감독) 니콜라스 울퍼트 Nicholas Wolfert (조감독) 제임스 호너 James Horner (음악) 마이클 앳웰 Michael Atwell (아트디렉터) 세실리아 몬티엘 Cecilia Montiel (미술) 데니스 카마르고 Denise Camargo (세트) 그레이시엘라 마존 Graciela Mazon (의상) 톰 노블 Thom Noble (편집) 조시 프란시스코 바론 Jose Francisco Baron (분장부문) 크리스틴 베버리지 Christine Beveridge (분장부문) 토머스 R. 버먼 Thomas R. Burman (분장부문) 오로라 차비라 Aurora Chavira (분장부문) 켄 디아즈 Ken Diaz (분장부문) 바리 드레이밴드 버먼 Bari Dreiband-Burman (분장부문) 로지 듀프랫 포트 Rosie Duprat Fort (분장부문) 힐다 앨리시아 곤잘레스 Hilda Alicia Gonzalez (분장부문) 에두아르도 고메즈 Eduardo Gomez (분장부문) 폴 르블랑 Paul LeBlanc (분장부문) 알프레도 모라 Alfredo Mora (분장부문) 가브리엘 솔라너 Gabriel Solana (분장부문) 제라도 페레즈 아레올라 Gerardo Perez Arreola (분장부문) 어윈 H. 큐피츠 Erwin H. Kupitz (분장부문) 칼라 티노코 Carla Tinoco (분장부문) 팜 딕슨 Pam Dixon (배역) 마리아노 카란코 Mariano Carranco (프로덕션매니저) 더그 클레이번 Doug Claybourne (프로덕션매니저) 알프레도 코르테스 Alfredo Cortes (프로덕션매니저) 낸시 제인 킹 Nancy Jane King (프로덕션매니저) 루즈 마리아 로자스 Luz Maria Rojas (프로덕션매니저),배우/제작진 수상 이력@수상정보 테이블표@2019@제 37회 뮌헨 국제영화제@후보@영화매리트 부문 (마틴 캠벨)@1999@제 71회 미국 아카데미 시상식@후보@음향믹싱상 (Kevin O'Connell)@후보@음향편집상 (Dave McMoyler)@제 56회 골든 글로브 시상식@후보@남우주연상-뮤지컬코미디 (안토니오 반데라스)@후보@작품상-뮤지컬코미디 (마틴 캠벨)@제 8회 MTV 영화 & TV 어워즈@후보@여우신인상 (캐서린 제타-존스)@후보@최고의 싸움상 (안토니오 반데라스 vs 캐서린 제타-존스)@1998@제 11회 유럽영화상@수상@베스트 유러피안 남우주연상 (안토니오 반데라스),-,-,-,FJCmbmHTU9k,0,0
1998,1998 .11.14 개봉,영화,드라마,미세스 브라운,존 매든,https://movie-phinf.pstatic.net/20111221_56/1324464811728uLAzW_JPEG,"{빅토리아 여왕은 1837년 18세에 왕좌에 올랐다. 20세대 색스코버그 왕가의 알버트 왕자와 결혼을 했고, 둘은 가장 행복한 왕족 부부였다. 1861년 대공이 장티푸스로 승하하자 여왕은 슬픔에 잠겼다.}@  영국의 절대 권력자 빅토리아 여왕(Queen Victoria: 쥬디 덴치 분)과 어려서 색스코버그 왕가의 알버트 왕자와 결혼하여 영국의 역대 어느 황실 부부보다 금슬좋게 살았다. 그러나 결혼생활 21년만에 대공이 장티푸스에 걸려 승하하자, 일찍 대공을 잃은 빅토리아 여왕은 깊은 비탄에 빠져 스코틀랜드의 별장에 내려가 장기간 은둔 생활을 하게 된다. 여왕이 국사의 일선에 나서지 않자 군주제의 정계에선 그녀의 필요성에 대해 의문을 가지는 일파가 생겨나기 시작했고, 심지어 군주제 자체에 대한 강한 의구심마저 생겨나게 된다.@  한편 빅토리아 여왕으로 하여금 은둔 생활을 벗어나게 하기 위한 복안으로 왕실이 제시한 방법은 알버트 대공의 생전에 대공에게 극진히 헌신하여 대공으로부터 충성심을 칭찬받았던 존 브라운(John Brown: 빌리 코노일리 분)을 빅토리아 여왕의 마부로 기용하는 것이었다. 주위의 모든 사람들의 따가운 시선에도 불구하고 존 브라운은 슬픔에 빠져있던 빅토리아 여왕의 가슴에 생기를 불어넣게 되고, 그리하여 여왕으로부터 두터운 신임을 얻게 된다.@  존 브라운과 여왕의 우정이 차츰 깊어지자 이들의 관계를 색다르게 해석하고 시기하는 자들이 속속 생겨나고, 그들로부터 여왕을 지키려는 브라운의 노력은 눈물겹기까지 하다. 심지어 존 브라운은 군주제 자체의 위기를 상기시키며 여왕이 대중 앞에 나서서 국사를 돌봐야만 한다는 진언도 서슴지 않는다. 여왕에 대한 브라운의 충정은 여왕에 대한 사랑에서 기인한 것이었지만, 세인들은 두 사람의 우정어린 친분에 대해 이러쿵 저러쿵 수근거리기 시작한다. 심지어 여왕을 가리켜 '미세스 브라운'이라고 부르며 그녀의 왕권을 비하하기 시작한다.",해외,미국,H8Qf79b-n4A,-,-,12세 관람가,103분,-,데이비드 위스데드 리처드 파스코 제프리 파머 안토니 쉐 빌리 코놀리 주디 덴치 ,  제레미 브락 Jeremy Brock (각본) 사라 커티스 Sarah Curtis (제작) 안드레아 칼더우드 Andrea Calderwood (기획) 나이젤 워렌-그린 Nigel Warren-Green (기획) 레베카 이톤 Rebecca Eaton (기획) 더글러스 래 Douglas Rae (기획) 리처드 그레이트렉스 Richard Greatrex (촬영) 스티븐 워벡 Stephen Warbeck (음악) 마틴 차일즈 Martin Childs (미술) 데어드르 클란시 Deirdre Clancy (의상) 로빈 세일즈 Robin Sales (편집) 폴 사로니 Paul Sarony (Ass-PD),배우/제작진 수상 이력@수상정보 테이블표@1998@제 18회 런던 비평가 협회상@수상@영국여우주연상 (주디 덴치)@제 4회 미국 배우 조합상@후보@영화부문 남우조연상 (빌리 코놀리)@후보@영화부문 여우주연상 (주디 덴치)@제 51회 영국 아카데미 시상식@수상@여우주연상 (주디 덴치)@수상@의상상 (데어드르 클란시)@제 70회 미국 아카데미 시상식@후보@분장상 (Lisa Westcott)@후보@여우주연상 (주디 덴치)@제 55회 골든 글로브 시상식@수상@여우주연상-드라마 (주디 덴치)@1997@제 10회 시카고 비평가 협회상@수상@여우주연상 (주디 덴치),-,-,-,kSmDlL8xrOU,0,0
1998,1998 .12.19 개봉,영화,"멜로/로맨스, 드라마",미술관 옆 동물원,이정향,https://movie-phinf.pstatic.net/20111222_145/1324545814519u0zOw_JPEG,"결혼 비디오 촬영기사, 춘희(심은하 분). 결혼식 촬영 때마다 마주치는 보좌관, 인공(안성기 분)을 남몰래 사랑하는 스물 여섯의 여자이다. 그녀의 방에 갑자기 들이닥친 남자, 철수(이성재 분). 마지막 휴가를 함께 보내려고 애인인 다혜(송선미 분)의 방을 찾았지만 그녀는 이미 그 방을 떠나고 없다.@ 철수는 다혜를 만나기 위해 그 방에 눌러 앉고, 춘희는 혼자만의 공간에 침범한 철수가 싫다. 철수는 다혜를 만나지만 그녀는 다른 사람과의 결혼을 앞두고 있다. 춘희는 그런 그가 안쓰럽다. 누군가를 사랑한다는 것은 아프다는 것을 그녀는 알고 있기 때문이다. 하지만 철수는 그녀가 사랑을 모른다고 생각한다. 그가 생각하는 사랑은 체온을 나누는 현실이기 때문이다.@ 춘희가 매일 밤 무엇인가를 끄적이고 있는 것을 본 철수는 춘희의 글을 훔쳐 읽는다. 그녀가 누군가를 혼자 사랑하고 있다는 것을 알아챈 철수는 그녀의 사랑방식이 탐탁지 않다. 그녀의 사랑은 기다림만 있을 뿐, 어떤 진전도 없다. 철수는 그녀의 글 속으로 들어가 그녀의 사랑을 바꾸려 한다. 춘희는 인공을, 철수는 다혜를 그리며 함께 미술관 옆 동물원이라는 제목의 시나리오를 써 나간다. 그 속에서 철수가 그리는 다혜는 점점 춘희를 변화시키고"""",국내,한국,umiMGJEsVlA,씨네2000,시네마서비스,15세 관람가,108분,-,한상범 이유경 김민구 이준규 이영자 김도식 이현순 김철리 김진 방주성 이경선 류승수 이상진 안준모 김선화 김광일 송선미 이성재 안성기 심은하 ,  이정향 (각본) 김진 (각본) 이택용 (각본) 이미영 (프로듀서) 이수정 Lee Soo-jung (제작실장) 김홍백 (제작부장) 이춘연 (제작) 모경화 (기획) 조용규 (촬영) 김동호 (조명) 이택용 (조연출) 박기흠 (연출부) 손희창 (연출부) 모경화 (조감독) 리드사운드 (붐어시스턴트) 윤해진 (동시녹음B팀) 김양희 (음악) 오상만 (미술) 한동일 (CG) 최영 (분장) 천은정 (의상) 이선주 (의상) 김상범 (편집) 서명혜 (스타일리스트),배우/제작진 수상 이력@수상정보 테이블표@2017@제 5회 무주산골영화제@후보@상영작 - 숲 (이정향)@2005@제 2회 서강데뷔작영화제@후보@특별전 (이정향)@1999@제 7회 춘사영화제@수상@각본상 (이정향)@수상@기술상 (오상만)@수상@신인감독상 (이정향)@수상@신인남우상 (이성재)@제 36회 대종상 영화제@수상@신인감독상 (이정향)@수상@신인남자배우상 (이성재)@수상@여우주연상 (심은하)@제 35회 백상예술대상@수상@영화 남자신인연기상 (이성재)@제 20회 청룡영화상@수상@각본상 (이정향)@후보@신인감독상 (이정향)@수상@신인남우상 (이성재)@제 3회 부천국제판타스틱영화제@후보@특별전 (이정향)@1998@제 1회 디렉터스 컷 어워즈@수상@올해의 신인감독상 (이정향)@수상@올해의 제작자상 (이춘연)@1997@제 18회 청룡영화상@수상@시나리오 공모대상 (이정향)@접기,-,-,-,tjao1W_XZx8,0,0
1998,-,영화,-,미스 베어,폴 질러,https://ssl.pstatic.net/static/movie/2012/06/dft_img77x110_1.png,"록키산맥 끝자락의 작은 시골마을. 캘리포니아에서 인적드문 이곳으로 이사온 7살 소녀 에밀리(캐틀린 부케 분)는 이곳 생활이 못마땅하기만 하다. 지방신문사에서 일하는 아버지 그렉(에드 버글리 주니어 분)과 엄마 사라(나탸 자만 분)는 어린 딸의 투정을 안쓰러워 하지만 자연스럽게 적응하기를 바랄 뿐이다. 그러던 어느날, 외로운 에밀리에게 친구가 생긴다. 상처투성이 새끼곰 한마리가 에밀리 집에 찾아든 것. 어미곰을 밀렵꾼에게 잃고 숲속을 헤매던 새끼곰이 배가 고파 마을까지 내려온 것이다. 에밀리는 새끼곰을 정성껏 치료하고 마샤라는 이름을 붙여준다. 마샤와 에밀리는 금방 친구가 된다. 그러나 다음날 아침 곰을 발견한 아버지 그렉은 ""마샤""를 동물보호소로 보내야 한다며 사무실로 데려간다. 신고를 받고 달려온 동물보호소 직원 포터(숀 존스턴 분). 그런데 마샤는 포터를 보는 순간"""",해외,"캐나다 , 독일",nygNCKweQwU,-,-,G,-,-,킴벌리 워낫 숀 존스턴 에드 비글리 주니어 ,  폴 질러 Paul Ziller (각본) 폴 반 데르 린든 Paul Van der Linden (촬영) 크리스토퍼 프랭크 Christopher Franke (음악) 마가렛 러브??Margaret Lovenuik (의상) 포핑 오?? PoPing AuYeung (배역),-,-,-,-,rkHSZdYRtV4,0,0
1998,1998 .04.04 개봉,영화,코미디,미스터 커티,도날드 페트리,https://movie-phinf.pstatic.net/20111222_241/1324493363611avl1Y_JPEG,"로렐 에어스(우피 골드버그 분)는 맨체스터 투자회사의 유능한 투자분석가로, 거물 고객들의 돈을 유치해 몇 배의 이익을 남겨주면서 자신의 능력을 인정받아 왔다. 그러던 어느 날 그녀는 부사장 승진을 코앞에 두고 그 기회를 남자 부하 직원인 프랭크(팀 댈리 분)에게 빼앗기고 만다. 불평등한 대우에 분노한 그녀는 회사를 그만두고 자신의 투자사를 차리게 된다. 회사는 그녀의 이름을 딴 로렐에어스 투자자문회사. 그러나 여자인 로렐에게 선뜻 돈을 대려는 투자자가 없다. 뛰어난 기획안들은 한낮 휴지조각으로 쌓이고, 패기만만한 출발도 점점 맥이 빠져간다. 그러던 어느 날 예전 맨체스터 회사에서 프랭크의 비서였던 샐리(다이안 위스트 분)가 찾아온다. 샐리 역시, 직장에서의 잡일로 자신의 숨은 능력을 인정받지 못한 숨은 보석. 오랫 동안 로렐의 뛰어난 사업능력을 지켜보면서, 로렐의 진가를 파악하고 있었던 샐리는 비서로서의 수완을 발휘하여 로렐에게 맨체스터의 가장 큰 투자 고객인 팔론(앨리 왈라치 분)과의 약속을 잡아준다. 그러나, 로렐의 제안서를 받아 든 팔론이 제일 먼저 요구한 것은 든든한 배경을 가진 남자 파트너. 순간 그녀는 자신의 파트너로 돈 많은 중년의 백인 남자를 생각해낸다. 파트너가 누구냐는 팔론의 질문에 그녀는 때마침 눈에 들어온 '커티 샥' 위스키를 보고 그의 이름이 '커티'라고 대답한다. 그 든든한 가상의 동업자에 현혹되어, 윌스트리트의 돈많은 거물들이 로렐에게 투자를 시작하고, 이제 그녀는 월스트리트 최고의 성공을 목전에 두고 있다. 그러나 이 미스터 커티가 윌스트리트의 일약스타로 떠오르면서 그 유능한 사업가를 만나려는 재계와 언론계의 성화가 높아지자 궁지에 몰린 그녀는 어쩔 수 없이 커티를 공개해야만 하는데.",해외,미국,hSyNVS-1vEQ,-,-,PG-13,114분,-,엘리 웰라치 조지 마틴 오스틴 펜들튼 레이니 카잔 베베 뉴워스 티모시 데일리 다이앤 위스트 우피 골드버그 ,  닉 디엘 Nick Thiel (각본) 프레더릭 골챈 Frederic Golchan (제작) 패트릭 마키 Patrick Markey (제작) 애덤 레입지그 Adam Leipzig (제작) 르네 게인빌 Rene Gainville (공동제작) 마이클 A. 헬펀트 Michael A. Helfant (공동제작) 테드 필드 Ted Field (기획) 스콧 크루프 Scott Kroopf (기획) 로버트 W. 코트 Robert W. Cort (기획) 알렉스 네폼니아쉬 Alex Nepomniaschy (촬영) 크리스토퍼 타잉 Christopher Tyng (음악) 앤드류 잭니스 Andrew Jackness (미술) 에이프릴 페리 April Ferry (의상) 보니 콜러 Bonnie Koehler (편집) 메리 콜크호운 Mary Colquhoun (배역),-,-,-,-,rkHSZdYRtV4,0,0
1998,-,영화,"액션, 드라마, 스릴러",미스트라이얼,헤이우드 구드,https://movie-phinf.pstatic.net/20131121_119/1385002373899omy8P_JPEG,"18년간 경찰에 몸담아 온 베테랑 형사 스티브 다나휴(Steve Donohue: 빌 풀만 분)는 근무 중 살해된 두 경관 살해범 추적에 나선다. 살해된 여경찰의 주변을 수사하던 중, 경관의 전 남편인 에디(Eddie Rios: 존 세다 분)가 이혼 후에도 협박을 계속하며 그녀를 괴롭혔다는 사실을 전해들은 다나휴는 그를 용의자로 지목한다. 그러나, 영장없이 그를 체포하러 간 다나휴는 증거물을 챙겨 도주하려는 에디를 추적하다 그의 아내와 동생을 사살하고 만다. 별볼일 없는 지역 인권운동가인 에디의 부추김으로 언론은 들끓고 4년전 경찰 살해범을 쐈던 경력이 드러나면서 다나휴는 하루 아침에 살인자가 되어 여론의 빗발치는 항의와 질타를 받게 된다. 마침내 경관 살해사건 재판이 열리고 증인으로 참석한 다나휴는 에디의 범행을 입증하려 하지만 다나휴의 증언은 그의 오발 사건으로 배심원들에게 전혀 설득력을 갖지 못한다. 결국, 배심원들은 에디에게 무죄 평결을 내리고 이에 격분한 다나휴는 참았던 분노를 터뜨리며 법정에서 판사, 배심원과 에디를 인질로 잡고 다시 재판을 시작하게 한다. 다나휴는 판사에 의해 엉뚱하게 기각됐던 결정적인 단서(스티브와 통화 후 에디가 들고 나가던 가방에서 발견한 범행에 사용된 총과 총알, 에디가 보낸 협박성 편지들, 목격자의 증언)들을 배심원들에게 제시한다. 배심원들은 새로이 제시된 단서들을 토대로 다시 머리를 맞댄 토론 끝에 새로운 평결에 도달하게 되고 다나휴의 인질극을 저지하려는 경찰은 시시각각 포위망을 좁혀온다.",해외,미국,KIV_rVHckZU,-,-,15세 관람가,89분,-,조세프 소머 존 세다 제임스 레브혼 로마 마피아 레오 버미스터 블레어 언더우드 로버트 로지아 빌 풀만 ,  헤이우드 구드 Heywood Gould (각본) 브루스 코헨 Bruce Cohen (제작) 레베카 스파이킹스 Rebecca Spikings (공동제작) 바트 브라운 Bart Brown (협력프로듀서) 지나 데이비스 Geena Davis (기획) 레니 할린 Renny Harlin (기획) 폴 사로시 Paul Sarossy (촬영) 브래드 피델 Brad Fiedel (음악) 데이비드 챔프먼 David Chapman (미술) 데니즈 크로넨버그 Denise Cronenberg (의상) 로드 딘 Rod Dean (편집) 존 폴 Jon Poll (편집) 메리 콜크호운 Mary Colquhoun (배역),-,-,-,-,SqSDgJ-DPcM,0,0
1998,-,영화,드라마,바람처럼 파도처럼,홍종현,https://ssl.pstatic.net/static/movie/2012/06/dft_img77x110_1.png,불행한 결혼생활로 이혼한 부부가 다시 사랑을 되찾는 이야기,국내,한국,F7aN8Q49zNw,-,-,-,-,-,안영주 강미 박찬환 윤지숙 조재현 김규철 김서라 양미경 김주승 남능미 김세윤 ,  전기연 (각본),-,-,-,-,aywJeWs3lv8,0,0
1998,1998 .09.26 개봉,영화,"코미디, 드라마, 멜로/로맨스",십이야,트레버 넌,https://movie-phinf.pstatic.net/20111221_119/1324469273190Wndzq_JPEG/movie_image.jpg,"일란성 쌍둥이 바이올라와 세바스찬을 태운 배가 조난을 당해 일리리아의 해변으로 밀려온다. 바이올라는 쌍둥이 오빠 세바스찬이 죽었다고 생각하는데 최근 아버지와 오빠를 잃은 올리비아 이야기를 듣게 된다. 올리비아는 상심하여 7년간 올시노 공작의 구애를 거절하기로 마음먹은 상태. 바이올라는 슬픔을 잊기 위해 남장을 하고 올시노 공작의 수하에 들어가 올리비아에게 올시노 공작의 마음을 전하는 전령이 된다. 그러나 올시노와 올리비아는 각각 바이올라의 남장모습인 세자리오에 대해 질투와 연정을 느끼게 된다. 죽은 줄 알았던 세바스찬이 등장하자 문제는 더욱 복잡해진다. 바이올라를 찾아 인근 마을에 들린 세바스찬을 본 올리비아는 세자리오로 오인, 결혼을 약속한다. 한편 올시노는 부하들을 이끌고 올리비아에게 구혼하러 오지만 이미 올리비아가 바이올라와 결혼을 약속한 사이라는 말을 듣고 놀란다. 여기에 세바스찬이 나타나자 혼란은 더욱 가중된다. 아무도 그와 바이올라를 구분하지 못한다. 결국 바이올라가 변장을 풀고 여자임을 밝히는데.",해외,영국 / 미국,qv9O1aknf-0,-,-,15세 관람가,135분,-,제프 홀 제임스 월커 로드 컬벗슨 팀 벤틴크 피터 건 니콜라스 파렐 이멜다 스턴톤 멜 스미스 벤 킹슬리 나이젤 호손 리차드 E. 그랜트 스티븐 맥킨토시 토비 스티븐스 헬레나 본햄 카터 이모겐 스텁스 ,  트레버 넌 Trevor Nunn (각본) 윌리엄 셰익스피어 William Shakespeare (원작자) 스티븐 에반스 Stephen Evans (제작) 데이비드 파핏 David Parfitt (제작) 마크 쿠퍼 Mark Cooper (라인프로듀서) 아이린 메셀 Ileen Maisel (기획) 루스 비탈 Ruth Vitale (기획) 조나단 와이스걸 Jonathan Weisgal (기획) 클리브 티크너 Clive Tickner (촬영) 숀 데이비 Shaun Davey (음악) 소피 베셔 Sophie Becher (미술) 존 브라이트 John Bright (의상) 피터 보일 Peter Boyle (편집),-,-,-,-,-,0,0
1998,1998 .10.24 개봉,영화,"드라마, 전쟁",아라비아의 로렌스,데이빗 린,https://movie-phinf.pstatic.net/20111222_18/1324563862806IjmyY_JPEG,영국 정보국 소속 장교 로렌스(T.E. Lawrence: 피터 오툴 분)는 1차대전 중 중동지역의 전투에서 아랍 부족의 지원을 받기 위해 아랍 지역으로 파견된다. 그런데 그는 영국 정부가 바라던 것 이상으로 아랍의 지도자들을 사로 잡고 아랍의 독립을 위해 열심히 싸워 아랍 민족으로 부터 ‘아라비아의 로렌스’라는 영웅적인 칭호를 받게 된다. 그는 아랍 전사들을 이끌고 터키군들과 싸우면서 규율을 잡기 위해 남의 마을의 우물물을 마신 병사를 과감히 처형하는 등 독한 모습을 보여준다. 그러나 그의 그런 용맹성은 터키 군에게 포로로 잡힌 후 그곳에서 받은 성적 학대를 통해 병적으로 발전된다. 그리고 마침내 영국 정부의 소환을 받고 런던으로 돌아오지만 중동으로 보내 줄 것을 요구하면서 사막으로 돌아가길 원한다. 그러나 이미 정치적으로 타결이 된 아라비아 사막은 그를 원치 않았는데.,해외,영국,ZpmCdTzSI6g,율가필름,-,12세 관람가,216분,-,오마 샤리프 아서 케네디 클로드 레인스 안소니 퀘일 호세 페레 잭 호킨스 안소니 퀸 알렉 기네스 피터 오툴 ,  로버트 볼트 Robert Bolt (각본) 존 파머 John Palmer (프로듀서) 샘 스피겔 Sam Spiegel (제작) 모리스 자르 Maurice Jarre (음악) 제라르 슐먼 Gerard Schurmann (음악) 존 복스 John Box (미술) 존 스톨 John Stoll (미술) 필리스 달톤 Phyllis Dalton (의상) 앤 V. 코츠 Anne V. Coates (편집) 모드 스펙터 Maude Spector (배역),배우/제작진 수상 이력@수상정보 테이블표@2019@제 4회 울주세계산악영화제@후보@움프 라이프 (데이비드 린)@제 14회 시네 바캉스 서울@후보@상영작 (데이비드 린)@제 50회 인도국제영화제@후보@회고전 (데이비드 린)@2018@제 32회 프리부르 국제영화제@후보@장르영화 (데이비드 린)@제 53회 카를로비바리 국제 영화제@후보@Seven Close Encounters (데이비드 린)@2016@제 70회 에든버러국제영화제@후보@어댑팅 미스 하이스미스 (데이비드 린)@2015@제 37회 카이로 국제 영화제@후보@트리뷰트 (데이빗 린)@제 46회 인도국제영화제@후보@하미지 (데이빗 린)@2013@제 23회 시네퀘스트 영화제@후보@이벤트 (데이빗 린)@후보@장편영화 (데이빗 린)@제 37회 홍콩 국제 영화제@후보@리스토어드 클래식 (데이빗 린)@2012@제 56회 런던 국제 영화제@후보@단편 및 애니메이션 (데이빗 린)@제 47회 카를로비바리 국제 영화제@후보@Out of the Past (데이빗 린)@제 49회 금마장@후보@필름 컬트(URE) (데이빗 린)@제 66회 에든버러국제영화제@후보@특별 상영 (데이빗 린)@제 50회 뉴욕영화제@후보@Masterworks (데이빗 린)@2008@제 2회 서울충무로국제영화제@후보@공식초청부문 (데이빗 린)@1963@제 15회 미국 감독 조합상@수상@감독상(영화부문) (데이빗 린)@제 16회 영국 아카데미 시상식@수상@각본상(영국) (로버트 볼트)@수상@남우주연상(영국) (피터 오툴)@수상@작품상@제 35회 미국 아카데미 시상식@수상@감독상 (데이빗 린)@후보@남우조연상 (오마 샤리프)@후보@남우주연상 (피터 오툴)@수상@미술상 (존 복스)@수상@음악상 (모리스 자르)@수상@음향믹싱상 (John Cox)@수상@작품상 (샘 스파이겔)@수상@촬영상 (프레디 영)@수상@편집상 (앤 V. 코츠)@제 20회 골든 글로브 시상식@수상@감독상 (데이빗 린)@수상@남우조연상 (오마 샤리프)@수상@작품상-드라마 (데이빗 린)@접기,-,-,-,C_fuZykiZy4,0,0
1998,1998 .11.21 개봉,영화,드라마,아름다운 시절,이광모,https://movie-phinf.pstatic.net/20111222_164/1324530334862Bk2ls_JPEG,"미군 장교와 사귀는 성민의 큰누나 영숙(명순미 분)의 주선으로 성민의 아버지 최씨(안성기 분)가 미군부대에 일자리를 얻으면서 성민네 형편은 나날이 나아져 간다. 반면 성민(이인 분)네 아래채 방에 세들어 살고 있는 창희(김정우 분)의 어머니 안성댁(배유정 분)은 의용군으로 끌려간 채 소식 없는 남편을 2년째 기다리며 어린 두 자녀와 함께 힘겹게 살림을 꾸려간다.@  생계를 이어가기 힘들 정도로 가난에 찌든 안성댁을 보다 못한 최씨는 그녀에게 미군의 팬티와 러닝 셔츠들을 빨래해주는 세탁 일을 알선해준다. 그러나 강변에 널어놓은 미군 속옷빨래들을 모조리 도둑맞는 안성댁, 잃어버린 빨래를 변상할 방법을 찾지 못해 애태우던 안성댁은 미군 하사로부터 동구밖 버려진 방앗간에서 한 차례 정사를 갖기를 요구받는다.@  한편, 각박한 현실에 찌든 채 어른들이 생존을 위해 몸부림치고 있을 때에도 아이들은 천진난만하기만 하다. 새로운 놀이거리를 찾아 온 동네를 들쑤시고 다니던 성민과 창희는 같은 반 아이들과 함께 동구 밖 방앗간이 미군과 양공주들의 정사 장소임을 알게 된다. 그후 아이들과 함께 방앗간 뒤에서 정사장면을 훔쳐보기도 하던 성민과 창희가 미군짚차에서 망원경을 훔쳐내기 위해 방앗간에 몰래 숨어 들어간 어느 날, 둘은 안성댁과 미군 하사가 정사를 나누고 있는 장면을 목격하게 된다. 그리고 성민의 아버지 최씨가 망을 보고 있는 것도.@  다음날, 여느 때처럼 미군과 동네 처녀가 정사를 벌이던 방앗간에는 화재가 발생하여 미군이 사망하고 창희는 성민에게 한 마디 말도 남기지 않은 채 사라져버린다. 창희를 찾아다니던 성민은 둘만의 비밀 장소인 고목나무 구멍 안에서 창희가 두고간 미제 라이터를 발견한다. 이듬해 여름, 모두의 기억에서 방앗간 화재 사건이 희미해질 무렵, 방앗간 근처의 늪에서 미군 밧줄에 묶인 채 심하게 부패된 아이의 시신이 발견된다. 그 시신이 창희의 것일 거라는 동네 사람들과 아이들의 추측을 부인하던 성민은 창희가 두고간 라이터로 창희의 생존 가능성을 점쳐본다. 아무리 시도해도 라이터가 켜지지 않자 창희의 죽음을 인정하게 된 성민은 아이들과 함께 창희의 장례식을 치러주어 고목나무가 있는 동산위에 창희의 무덤도 만들어준다. 창희의 죽음을 부정하던 창희 어머니 안성댁도 아이들이 만들어놓은 창희의 모의 무덤 앞에서 북받치는 설움을 참지못하는데.@  [스포일러] 휴전 협정이 맺어진 후 이 마을에도 많은 변화가 생긴다. 거제도 포로수용소에서 돌아온 창희 아버지 송씨(고동업 분)는 실종된 아들의 가출 이유와 방앗간 화재의 원인을 밝혀내기 위해 마을 사람들을 탐문하며 돌아다니고 미군 장교와 사귀던 성민의 누나 영숙은 미군의 아이를 임신한 채 버림받는다. 언제 해고당할지 모를 상황에 처한 성민의 아버지 최씨는 앞으로 살아갈 돈을 장만하고 자신과 안성댁의 비밀을 알아내기 전에 창희네를 떠나보낼 돈을 마련하기 위해 미군부대창고에서 물건을 빼돌리다가 붙잡힌다. 이제까지 아버지의 비겁함을 경멸하고 증오해오던 성민은 붉은 페인트칠을 당한 채 비참한 꼴로 미군부대에서 쫓겨난 아버지 최씨에 대해 다시금 연민과 동정을 갖게 된다. 미군의 추가적인 보복조치를 피하고 새로운 삶의 터전을 찾기 위해 성민네가 곧바로 마을을 떠나기로 결정한 그 날밤, 성민의 꿈결을 타고 창희가 잠자고 있던 성민을 방을 다녀간다. 비몽사몽간에 일어나 켜본 창희의 라이터에서 불꽃이 피어오르는 것을 신비롭게 바라보면서 성민은 새로운 희망을 갖게 된다. 이 세상 어딘가에 창희가 아직도 살아 있을 거라고.@  {고난과 절망의 시대에도 늘 희망의 불씨를 간직하고 사셨던 할아버님과 어머님께 이 영화를 바칩니다. - 이광모}""""",국내,한국,a5AmAdpL9_o,"백두대간 , 영화사 백두대간 Korean Film Art Centr",백두대간,전체 관람가,120분,-,김승진 안경용 배현우 신상훈 김경재 정성준 김정우 고동업 배유정 명지연 유오성 이인 송옥숙 안성기 ,  이광모 (각본) 정대성 (프로듀서) 강성규 (프로듀서) 정태성 (프로듀서) 강성규 (프로듀서) 이영은 (제작부장) 남권우 (제작차장) 윤진녕 (제작부) 유선회 (제작) 김영운 (라인프로듀서) 이광모 (기획) 최영택 (촬영부) 김지환 (촬영부) 최정화 (촬영부) 최현기 (촬영부) 김태환 (촬영부) 홍종경 (촬영부) 김형구 Kim Hyung ku (촬영) 이강산 (조명) 정영민 (조명부) 양우상 (조명부) 김순화 (조명부) 강대희 (조명부) 홍기철 (조명부) 심재현 (스크립터) 유영식 (조감독) 최낙용 (조감독) 문성진 (조감독) 소재영 (조감독) 이정수 (조감독) 정찬경 (조감독) 이승철 (동시녹음) 김영곤 (동시녹음) 이상준 (붐오퍼레이터) 원일 (음악) 김병찬 (미술) 이수근 (미술) 정대용 (세트) 최현규 (세트) 이오기 (작화) 진경현 (소품) 선석 (소품) 정도안 (특수효과) 박선영 (타이틀디자인) 윤예령 (분장-헤어) 유영분장 (분장-헤어) 홍석희 (분장팀) 이서진 (분장팀) 유현복 (분장팀) 김서영 (분장팀) 박수영 (분장팀) 김기철 (의상) 윤준식 (의상) 봉현숙 (의상) 함성원 (편집) 김선민 (네가편집) 허리우드 필름랩 (네가현상) A & D A_and_D (텔레시네) 이은희 (스토리보드) 노은희 (마케팅부문) 채수진 (마케팅부문) 이민경 (마케팅부문) 윤수정 (마케팅부문) 허유심 (마케팅부문) 김용수 (아비드편집) 양대호 (음향부문) 정진욱 (음향부문) 이지수 (음향부문) 소원종 (음향부문) 이상돈 (음향부문) 서재영 (음향부문) 오기삼 (음향부문) 김경현 (음향부문) 황진수 (음향부문) 김학준 (음향부문) 문인대 Mun In-dae (음향부문) 이용표 (음향부문) 김수덕 (음향부문) 안상현 (음향부문) 김용훈 (음향부문) 이중희 (음향부문) 백중길 (특수차량) 정진우 (수송) 신순식 (수송) 백종석 (수송) 황종하 (수송) 박영식 (수송) 손영태 (수송) 이변규 (수송) 황현 (발전차) 김수기 (지도부문) 이예원 (지도부문) 전양준 (페스티벌코디네이터) 권중대 (경리) 양수현 (경리) 김정현 (필름) 이재욱 (촬영장비) 최선영 (메이킹) 엠티엠 MTM (보조출연) 스타 캐치 (보조출연) 울산 중앙배우예술원 (보조출연) 화랑 엔터테인먼트 (보조출연) 더 박스 THE BOX (보조출연),배우/제작진 수상 이력@수상정보 테이블표@2008@제 2회 서울충무로국제영화제@후보@칸 영화제 감독주간 40주년 특별전 (이광모)@2002@제 3회 전주국제영화제@후보@오마주 (이광모)@1999@제 1회 도빌아시아영화제@후보@파노라마 (이광모)@제 7회 춘사영화제@수상@기획제작상 (이광모)@수상@음악상 (원일)@수상@최우수 작품상 (이광모)@제 1회 정동진독립영화제@후보@섹션1 (이광모)@제 36회 대종상 영화제@수상@감독상 (이광모)@수상@미술상 (MBC미술센타)@수상@음악상 (원 일)@수상@의상상 (MBC미술센타)@수상@촬영상 (김형구)@수상@최우수작품상 (백두대간)@1998@제 39회 데살로니키 국제 영화제@수상@예술 공헌상 (이광모)@제 20회 낭뜨 3대륙 영화제@후보@공식 부문- 비경쟁 (이광모)@제 18회 하와이국제영화제@수상@최우수 작품상 (이광모)@제 11회 도쿄국제영화제@수상@금상 (이광모)@제 51회 칸영화제@후보@감독주간 (이광모)@접기,-,-,-,x_vh-QoF4xs,0,0
1998,1998 .07.03 개봉,영화,"SF, 드라마, 멜로/로맨스, 액션, 스릴러",아마겟돈,마이클 베이,https://movie-phinf.pstatic.net/20111222_139/13245424333405KkAm_JPEG,"텍사스 크기의 행성이 시속 22,000마일의 속도로 지구를 향해 돌진하고 있다. 미국 우주항공국(NASA)의 댄 트루만 국장(Dan Truman: 빌리 밥 손튼 분)은, 행성에 800피트의 구멍을 뚫어 그 속에 핵탄두를 폭발하여 행성을 둘로 쪼개는 방법을 생각해 낸다. 댄은 세계 최고의 유정 굴착 전문가인 해리 S. 스탬퍼(Harry Stamper: 브루스 윌리스 분)에게 소행성의 중앙에까지 구멍을 뚫어 핵폭탄을 장착하고 귀환하라는 작전을 부탁한다.@  해리의 동료들은 보기에는 형편없지만 굴착 작업에는 귀신들. 그래서, 해리와 그의 동료들은 NASA에서 우주 비행을 위한 기초 훈련을 받고, '독립(인디펜던스)'과 '자유(프리덤)' 두 대의 우주 왕복선으로 소행성을 향한 위험한 항해를 시작한다. 천신만고 끝에 두 우주 왕복선이 소행성에 접근하다가, 독립호가 유성의 파편에 맞아 추락하게 된다. 해리는 어쩔 수 없이 남은 동료들만으로 굴착 작업을 하다가 굴착지가 고장나는 시련을 겪게 된다.@  그때, 죽은 줄 알았던 AJ(A.J. Frost: 벤 애플렉 분)와 그의 동료들이 굴착기를 가지고 나타나 굴착 작업은 완료된다. 하지만 핵폭탄의 무선 폭파 장치의 고장으로 누군가 한명이 남아 수동으로 핵탄두 폭발 버튼을 둘러야 하는 상황에 접한다.",해외,미국,_ck0qq-q2yM,-,-,15세 관람가,145분,-,스티브 부세미 윌리암 피츠너 오웬 윌슨 키스 데이빗 피터 스토메어 윌 패튼 리브 타일러 벤 애플렉 빌리 밥 손튼 브루스 윌리스 ,  조나단 헨슬레이 Jonathan Hensleigh (각본) J.J. 에이브럼스 J.J. Abrams (각본) 토니 길로이 Tony Gilroy (각본) 쉐인 샐러노 Shane Salerno (각본) 로버트 로이 풀 Robert Roy Pool (원안) 조나단 헨슬레이 Jonathan Hensleigh (원안) 제리 브룩하이머 Jerry Bruckheimer (제작) 게일 앤 허드 Gale Anne Hurd (제작) 마이클 베이 Michael Bay (제작) 베리 H. 월드먼 Barry H. Waldman (협력프로듀서) 조나단 헨슬레이 Jonathan Hensleigh (기획) 짐 밴 윅 Jim Van Wyck (기획) 채드 오만 Chad Oman (기획) 존 슈왈츠만 John Schwartzman (촬영) 트레버 라빈 Trevor Rabin (음악) 캐시 넬슨 Kathy Nelson (음악) 봅 바다미 Bob Badami (음악) 마이클 화이트 Michael White (미술) 팻 맥크렁 Pat McClung (특수효과) 리차드 후버 Richard Hoover (특수효과) 마이클 카플란 Michael Kaplan (의상) 마갈리 기다스치 Magali Guidasci (의상) 마크 골드블라트 Mark Goldblatt (편집) 크리스 레번즌 Chris Lebenzon (편집) 글렌 스캔틀버리 Glen Scantlebury (편집) 보니 티머먼 Bonnie Timmermann (배역),배우/제작진 수상 이력@수상정보 테이블표@2017@제 30회 도쿄국제영화제@후보@오픈-에어 시네마 아레나 30 (마이클 베이)@2013@제 39회 도빌 아메리칸 영화제@후보@아메리칸 나이트 (마이클 베이)@1999@제 24회 새턴 어워즈@수상@최우수 SF영화상 (마이클 베이)@수상@최우수 감독상 (마이클 베이)@제 22회 일본 아카데미상@수상@우수 외국작품상@제 19회 골든 라즈베리 시상식@후보@최악의 각본상@후보@최악의 감독상 (마이클 베이)@수상@최악의 남우주연상 (브루스 윌리스)@후보@최악의 여우조연상 (리브 타일러)@후보@최악의 작품상@후보@최악의 주제가상@후보@최악의 커플상 (벤 애플렉 & 리브 타일러)@제 71회 미국 아카데미 시상식@후보@시각효과상 (리처드 후버)@후보@음향믹싱상 (Kevin O'Connell)@후보@음향편집상 (George Watters II)@후보@주제가상 (다이안 워렌)@제 8회 MTV 영화 & TV 어워즈@후보@최고의 남자배우상 (벤 애플렉)@수상@최고의 뮤지컬 퍼포먼스@수상@최고의 액션장면 (소행성에 파괴된 뉴욕시 장면)@후보@최고의 여자배우상 (리브 타일러)@수상@최고의 음악상 (에어로스미스: 'I Don't Want to Miss a Thing')@후보@최고의 콤비상 (벤 애플렉 & 리브 타일러),-,-,-,R-QDF3J_mKg,0,0
1998,1998 .09.05 개봉,영화,드라마,얼지마 죽지마 부활할거야,비탈리 카네프스키,https://movie-phinf.pstatic.net/20140715_66/1405406533181fOSxt_JPEG,1947년 극동의 탄광도시 스촨. 이곳에서 열두살 먹은 소년 발레르카는 옛 소련 지식인의 유배지이자 일본군 죄수와 포로들이 사는 강제노동막사에서 엄마와 단둘이 살고 있다. 엄마 니나 먹고 살려고 매춘을 하지만 아직 아이인 발레르카는 그 와중에도 썰매를 사기 위해 돈을 모은다. 그러나 시장에서 차를 팔아 모은 돈으로 힘들게 산 썰매를 누군가가 훔쳐간다. 다음날 발레르카는 여자친구 갈리아의 도움으로 겐카의 집에 들어가 썰매를 훔쳐온다. 며칠 후 발레르카는 집쪽 방향으로 가는 화물열차에 올라탔다가 철도에서 일하는 겐카의 아버지에게 들켜 실컷 두들겨맞는다. 설상가상으로 발레르카는 학교 화장실에 이스트를 뿌린 일이 들통나 퇴학당한다. 복수심으로 철도의 선로를 바꾸는 장난을 하던 발레르카는 예기치 않게 열차 전복사고를 일으키고 경찰을 피해 할머니댁으로 도망친다. 그곳에서 발레르카는 사기꾼 갱단에 합세해 일본 보석상을 턴다. 발레르카 걱정에 물어물어 찾아온 갈리아를 만난 발레르카는 행복한 귀향길에 오르는데 배신을 두려워한 갱단이 두 아이를 쫓는다.,해외,러시아(구 소련),qXwMWUCwvXM,백두대간,백두대간,NR,105분,-,파블 나자로브 디나라 드루카로바 ,  비탈리 카네프스키 Vitali Kanevsky (각본),배우/제작진 수상 이력@수상정보 테이블표@1990@제 17회 겐트 영화제@수상@그랑프리 (Vitali Kanevsky)@제 3회 유럽영화상@수상@유러피안 각본상 (Vitali Kanevsky),-,-,-,zZfpXZJwieg,0,0
1998,1998 .12.24 개봉,영화,"액션, 스릴러, 드라마",에너미 오브 스테이트,토니 스콧,https://movie-phinf.pstatic.net/20111221_206/1324478794839B17uc_JPEG,"로버트 딘(Robert Clayton Dean: 윌 스미스 분)은 강직한 변호사다. 자신이 맡은 노조관련 사건의 의뢰인을 위해 마피아 보스와 맞닥뜨려야 하는 위험한 협상도 거리낌없이 밀고 나가는 스타일이다. 딘이 마피아 보스 핀테로와 협상을 벌이고 있을 무렵 공화당 소속의 국회의원 필(Phillip: 제이슨 로바즈 분)을 국가 안보국(NSA)에서 제거하려는 음모가 진행되고 있다. 국가 안보국의 감청 및 도청 행위를 법적으로 승인하자는 법안에 강력하게 반대하는 입장을 표명했기 때문이다.@  한편, 조류 사진 작가이자 로버트 딘과 대학 동창인 다니엘(Daniel Zavitz: 제이슨 리 분)은 우연히 필의 피살 현장을 카메라에 담게 되고 그로 인하여 국가 안보국으로부터 제거당할 위험에 놓이게 된다. 아내(Carla Dean: 레지나 킹 분)의 크리스마스 선물을 사러 간 란제리 숍에 들렀던 딘은 마침 쫓기고 있던 다니엘과 맞닥뜨린다. 다급한 나머지 다니엘은 딘의 쇼핑백에 디스켓을 집어넣고 도망치다가 차에 깔려 즉사한다. 딘은 다니엘이 자신의 쇼핑백에 뭔가를 집어넣었다는 사실조차 모른다. 딘과 다니엘이 마주쳤던 순간을 란제리 숍의 감시 카메라를 통해 분석한 국가 안보국은 이제 딘이 소지하고 있는 녹화 테이프를 강탈하기 위해 딘을 추격한다. 국가 안보국의 획책으로 변호사 사무실에서 해고당하고 모든 금융거래마저 차단당한 딘은 아내한테도 의심받게 된다.@  딘은 한마디로 벼랑 끝에 몰린 처지가 되어버린다. 이제 딘이 의지할 수 있는 사람은 단 한 명뿐이다. 그동안 변호사 일과 관련하여 그에게 비밀리에 정보를 제공해주고 뒷돈을 챙기던 정보 브로커 브릴(Brill/Edward Lyle: 진 해크만 분)이 바로 딘의 구세주로 등장한다. 브릴은 전직 국가 안보국 출신이며 냉전이 중식된 이후로 자신이 맡았던 국제적 도청행위를 청산하고 신비의 인물로 살아가는 정보 베테랑이다. 처음엔 자신의 정체가 노출될 것을 꺼리던 브릴마저 딘과 함께 국가 안보국으로부터 목숨을 위협당하는 위기에 처하게 되자 둘은 역습을 위한 준비작업에 착수한다. 그러나 국회의원 필을 죽인 장본인이자 국가 안보국의 도청 임무를 지휘하는 레이놀즈(Thomas Brian Reynolds: 존 보이트 분)는 순순히 꼬여들지 않는다. 결국 브릴이 레이놀즈를 단독으로 상대하기로하고 접근한다. 그러나 이미 배치된 안보국 요원들에 의해 브릴은 최악의 궁지에 몰리고 딘 또한 숨어있던 아지트에서 발각당한다. 이때부터 딘은 레이놀즈에게 치명적인 일격을 가하기 위한 치밀하고도 쇼킹한 작전을 짜게 되는데.",해외,미국,MJQ30fPYec8,-,-,15세 관람가,131분,-,가브리엘 번 제이슨 리 배리 페퍼 제이크 부시 로렌 딘 레지나 킹 존 보이트 진 핵크만 윌 스미스 ,  데이빗 마코니 David Marconi (각본) 제리 브룩하이머 Jerry Bruckheimer (제작) 돈 심슨 Don Simpson (제작) 팻 샌드스톤 Pat Sandston (협력프로듀서) 채드 오만 Chad Oman (기획) 제임스 W. 스코치도폴 James W. Skotchdopole (기획) 다니엘 민델 Daniel Mindel (촬영) 트레버 라빈 Trevor Rabin (음악) 벤자민 페르난데즈 Benjamin Fernandez (미술) 말린 스튜어트 Marlene Stewart (의상) 크리스 레번즌 Chris Lebenzon (편집),배우/제작진 수상 이력@수상정보 테이블표@1999@제 8회 MTV 영화 & TV 어워즈@후보@최고의 남자배우상 (윌 스미스),-,-,-,axXpc6bhtUM,0,0
1998,1998 .01.10 개봉,영화,"액션, SF, 스릴러",에이리언 4,장-피에르 주네,https://movie-phinf.pstatic.net/20111223_228/1324569551866ye7u1_JPEG,"군인 42명과 과학자 7명이 탑승한 연방군 의학탐사선 아우리가 호(USM Auriga, Medical Research Vessel). 이 페레즈 장군이 지휘하는 이 우주선에서는, 200년 전 <에이리언 3>의 격전지였던 행성 피오리 16호에서 찾아낸 리플리(Ellen Ripley: 시고니 위버 분)의 혈액으로부터 DNA 샘플을 채취, 미수정란을 이용한 유전공학으로 리플리를 부활시키고, 이때 함께 복제된 퀸 에이리언의 태아를 리플리의 몸에서 분리해내는 데도 성공을 거둔다. 이들의 목적은 리플리가 아닌 에이리언이며, 이를 길들여 군견과 같은 용도로 사용하려는 목적이었다.@  한편, 리플리 또한 에이리언과의 유전자 결합으로 본능이 발달해 있는 뜻하지 않은 결과에 과학자들을 고무시키고, 페레즈 장군은 단지 에이리언을 재생하기 위한 8번째 숙주로서 생겨난 부산물에 불과한 리플리를 두고 갈등한다. 리플리의 몸에서 분리한 퀸 에이리언이 알을 낳을 수 있을 정도로, 금방 성장하자, 에이리언들이 생명체를 숙주로 이용해 증식한다는 것에 착안한 우주선의 과학자들은 에이리언의 배양과 동면에 필요한, 살아있는 사람들을 유괴하기 위해 현상금을 걸고 우주 밀수꾼을 고용한다.@  베티호를 타고 밀수업을 하는 이들은 리더인 엘진을 비롯, 크리스티, 브리스, 디스페타노, 조나, 인조인간 콜(위노나 라이더 분) 등 6명으로 구성되어있는데, 자신들이 무슨 짓을 하는 지도 모른 채 아우리가 호로 화물을 옮긴다. 과학자들은, 퀸 에이리언이 낳은 각각의 알들과 함께 동면을 하고 있는 인간을 넣어 마침내 여러 에이리언을 탄생시킨다.@  한편 비티호의 밀수업자들은 콜에 의해 에이리언의 비밀을 알아내 군으로부터 위험에 빠지자 어쩔 수 없이 테러를 일으킨다. 이때 군이 통제하는 특수물체로 가둬놓은 에이리언들도, 스스로 한마리를 희생시켜 탈출을 하는 사태가 발생한다. 이에 군과 과학자들은 탈출을 감행하고 남은 인원들을 대부분 죽음을 당한다. 우주선 속에 갖힌 리플리와 밀수꾼들은 12마리나 되는 에이리언들과 혈투를 벌이면서 탈출하기 위해 베티호로 향한다. 이때 우주선은 비상상태가 되면 자동 귀환 장치에 의해 지구로 기수가 바뀌자, 리플리는 에일리언들이 지구에 도착한다면 그것은 곧 지구의 종말을 의미한다는 것을 알기 때문에 밀수꾼들과 협상하여 이를 막기로 한다.@  [스포일러] 베티 호로 향하던 리플리는 자신을 복제하기까지 숙주 실험을 하다가 실패한 기괴하고 흉칙한 실험실의 산물들을 보고 경악한다. 모두들 에이리언과의 결합으로 흉칙한 모습이었고 특히 마지막 7번째 숙주는 살아서 고통스러워하고 있어 분노한 리플리는 모두 불에 태워버린다. 일행이 물에 잠긴 구역을 통과할 때 뒤쫓아온 에이리언에 의해 위험에 빠지고 이때 렌 박사가 쏜 총에 의해 콜이 물속으로 떨어진다. 몇명의 희생 끝에 안전한 곳으로 올라온 일행 앞에 죽은 줄 알았던 콜이 나타난다. 그녀는 ‘오톤’이라는 로봇이 만든 로봇으로 에이리언을 복제하려는 정부 주도의 비밀실험이 밝혀져 이를 막기 위해 프로그램 되어있었다.@  한편 리플리는 퀸에이리언에 잡히게 되고 나머지 일행은 베티로에 도착한다. 이때 렌 박사가 나타나 일행을 위협하지만 일행 중 한사람의 몸 속에 에이리언에 의해 박사는 죽음을 맞는다. 한편 리플리가 에이리언의 유전자 결합으로 놀라운 힘이 생긴 것과 같이, 퀸 에이리언 또한 알을 낳은 후 스스로 체내에 생식기를 만들어 알과 숙주 과정 없는 인간과 같이 한마리의 에이리언이 태어나는데, 인간을 모습을 많이 닮은 이 변형 에이리언은 자신을 낳은 퀸에이리언을 죽이고 리플리를 따른다. 이때 리플리는 탈출하는 베티호에 간신이 오르지만 변형 에이리언도 함께 올라탄다. 지구 대기권에 들어선 베티호에서, 에이리언은 콜을 묘한 감정으로 대하고, 리플리는 어쩔 수 없이 피로 베티호 유리에 구멍을 내자, 엄청난 기압에 의해 에이리언은 처절한 모습으로 산산조각이 되어 우주선 밖으로 빨려나가 버린다. 한편 에이리언이 타고 있는 아우리가호는 지구 진입 중 대기권에서 폭파하고, 리플리 일행은 무사히 지구에 도착, 아름다운 지구의 자연 경관을 바라본다.",해외,미국,QMsLC7vcdec,-,-,15세 관람가,108분,-,마이클 윈콧 릴랜드 오서 게리 도던 킴 플라워스 레이몬드 크루즈 브래드 듀리프 J.E. 프리맨 댄 헤다야 도미니크 피뇽 론 펄먼 위노나 라이더 시고니 위버 ,  조스 웨던 Joss Whedon (각본) 댄 오배넌 Dan O'Bannon (원조) 로널드 셔셋 Ronald Shusett (원조) 빌 바달라토 Bill Badalato (제작) 고든 캐롤 Gordon Carroll (제작) 데이비드 길러 David Giler (제작) 월터 힐 Walter Hill (제작) 시고니 위버 Sigourney Weaver (공동제작) 다리우스 콘지 Darius Khondji (촬영) 존 프리젤 John Frizzell (음악) 스티브 쿠퍼 Steve Cooper (아트디렉터) 앤드류 네스코롬니 Andrew Neskoromny (아트디렉터) 나이젤 펠프스 Nigel Phelps (미술) 존 M. 드라이어 John M. Dwyer (세트) 톰 우드러프 주니어 Tom Woodruff Jr. (특수효과) 알렉 길리스 Alec Gillis (특수효과) 에릭 헨리 Erik Henry (특수효과) 봅 링우드 Bob Ringwood (의상) 허브 슈나이드 Herve Schneid (편집) 리처드 파가노 Richard Pagano (배역),배우/제작진 수상 이력@수상정보 테이블표@2016@제 6회 북경국제영화제@후보@사이언스픽션 컬렉션 (장-피에르 주네)@2010@제 4회 서울충무로국제영화제@후보@씨네 레트로 : 씨네 클래식 (장-피에르 주네),-,-,-,MaCqEwhHAFQ,0,0
1998,1998 .08.08 개봉,영화,"코미디, 모험, 드라마",엑스트라,신승수,https://movie-phinf.pstatic.net/20111222_294/1324530103326Bpw8H_JPEG,"단역에 목숨 건 자칭 영화배우 타칭 엑스트라 박봉수와 김왕기. 비록 차가운 소품창고에서 새우잠을 자고 여자친구에게 돈을 빌리는 초라한 처지이지만 이들에게 좌절은 없다. 안성기와 최민수를 누르고 강보라와 최진실을 품에 안는 그 날이 반드시 오리라 믿기 때문이다. 그러나 현실은 언제나 냉정한 법. 촬영이 있는 곳이라면 지구 끝까지 달려갈 준비가 되어 있는 이들을 가로막고 있는 무서운 벽이 있으니. 힘들게 배역을 얻어 실전연습까지 완벽하게 마쳐도 카메라 앞에 서면 천재적인 솜씨로 NG를 연발하는 촬영공포증이 그것이다. 매번 반복되는 실수 때문에 감독의 호된 꾸지람과 쌀쌀맞은 퇴짜가 익숙한 이들은 그래도 꿈을 버리지 않고 열심히 주변을 맴돈다.@  별볼일 없지만 유일한 조력자인 조감독 새필의 도움으로 간신히 단역 검사와 수사관 역을 맡게 된 봉수와 왕기는 접대차 들어간 룸싸롱에서 특유의 호기를 발동, 진짜인 양 검사와 수사관 행세를 하는데. 뜻밖에도 악의 없는 이들의 장난이 먹혀들어 모두 속아넘어가자 대접받고, 목돈 만지는 재미로 이들의 행보는 계속된다. 카메라 앞에서 하는 것만 연기라고 할 수 있나? 배우로서의 담력도 키우고, 나쁜 놈들도 골탕 먹이고 게다가 짭짭하게 생기는 보너스까지! 그간 쌓인 한을 풀기 위해 돈 좀 모아서 자신들을 주연으로 영화를 한 편 찍어보겠다는 소박한 바람으로 시작한 사기행각은, 도처에 넘쳐나는 상상을 초월한 부정과 비리로 인해 가속도가 붙는다.",국내,한국,1OEzSiwXrZo,신승수프로덕션,신승수프로덕션,15세 관람가,100분,-,임주완 윤문식 정초신 김원희 박준희 나한일 임창정 ,  지상학 (각본) 조태하 (프로듀서) 정초신 (프로듀서) 이종선 (프로듀서) 나용국 (제작부장) 서일식 (제작부) 조성욱 (제작부) 양재혁 (제작) 신승수 (제작) 김진부 (라인프로듀서) 양재혁 (기획) 신승수 (기획) 서기원 (촬영부) 강성욱 (촬영부) 박종철 (촬영부) 안정용 (촬영부) 성주현 (촬영부) 전선영 (촬영부) 최찬규 (촬영) 이승구 (조명) 임재국 (조명부) 한기업 (조명부) 박순화 (조명부) 김유신 (조명부) 이주열 (조명부) 배일혁 (조명부) 손영민 (조명부) 류우건 (연출부) 최금학 (연출부) 김태규 (스크립터) 이창호 (조감독) 손규식 (동시녹음) 유재광 (음향효과) 신병하 (음악) 정민영 (소품) 배홍천 (소품팀) 정가영 (소품팀) 오유진 (소품팀) 장진 (특수분장) 우양필름 (특수장비) 김철석 (특수효과팀) 김태용 (특수효과팀) 윤여진 (특수효과팀) 김소영 (미용) 김연주 (분장) 강윤숙 (분장) 진순북 (분장) 김명진 (헤어) 남윤경 (헤어) 김서령 (의상) 권유진 (의상) 고임표 (편집) 박영삼 (네가편집) 임재환 (조명탑차) 김진호 (이동차) 김향희 (의상팀) 양승국 (음악부문) 신순식 (운송) 고정표 (아비드편집) 홍기호 (발전차) 임세호 (무술감독) 권미경 (마케팅부문) 박현곤 (녹음부) 박지현 (마케팅부문) 제승훈 (이동차) 이선봉 (의상팀) 강대성 (음향부문) 정진우 (운송) 김왕배 (녹음부) 김남준 (현상부문) 이화숙 (의상팀) 김윤겸 (음향부문) 정경봉 (녹음부) 정민구 (현상부문) 최정원 (음향부문) 김미옥 (녹음부) 안영호 (현상부문) 박덕수 (음향부문) 윤대준 (현상부문) 육태서 (음향부문) 엠티엠 MTM (보조출연) 김민성 (배역) 정현정 (스타일리스트) 파라팜 (스타일리스트),-,-,-,-,-,0,0
1998,1998 .01.24,영화,액션,성룡의 CIA,"진목승, 성룡",https://movie-phinf.pstatic.net/20111221_221/1324459247408eQgTc_JPEG,"재키는 CIA 소속 특공대원. 그는 다른 특수 대원들과 함께 남아공의 최첨단 무기 연구소를 기습, 세명의 과학자를 납치하고 원폭과도 같은 위력을 지닌 무기로 개발 가능한 운석 에너지를 탈취하는데 성공한다. 그러나, 작전을 마무리 하고 귀환하던 중, 특공대 리더는 대원들을 사살하고 무기를 빼돌린다. 유일한 생존자인 재키는 그대로 정글에 버려지나 원주민들이 그를 구해낸다.",해외,홍콩,-,-,-,15세 관람가,120분,-,-,-,-,-,-,-,-,0,0
